player,position,team,age,birth_year,minutes_90s,touches,touches_def_pen_area,touches_def_3rd,touches_mid_3rd,touches_att_3rd,touches_att_pen_area,touches_live_ball,dribbles_completed,dribbles,dribbles_completed_pct,miscontrols,dispossessed,passes_received,progressive_passes_received
Aaron Mooy,MF,Australia,32,1990,4.0,255.0,14.0,62.0,168.0,26.0,0.0,255.0,2.0,3.0,66.7,5.0,4.0,152.0,1.0
Aaron Ramsey,MF,Wales,31,1990,3.0,147.0,6.0,32.0,73.0,42.0,5.0,147.0,2.0,8.0,25.0,9.0,4.0,98.0,7.0
Abdelhamid Sabiri,MF,Morocco,26,1996,2.0,86.0,5.0,23.0,50.0,13.0,1.0,86.0,0.0,3.0,0.0,0.0,3.0,54.0,0.0
Abdelkarim Hassan,DF,Qatar,29,1993,3.0,193.0,15.0,83.0,95.0,17.0,2.0,193.0,1.0,5.0,20.0,2.0,0.0,138.0,1.0
Abderrazak Hamdallah,FW,Morocco,32,1990,0.8,28.0,2.0,2.0,15.0,12.0,5.0,28.0,2.0,3.0,66.7,4.0,3.0,18.0,3.0
Abdessamad Ezzalzouli,FW,Morocco,21,2001,1.0,40.0,2.0,17.0,9.0,16.0,5.0,40.0,1.0,2.0,50.0,9.0,1.0,16.0,3.0
Abdou Diallo,DF,Senegal,26,1996,3.7,210.0,19.0,98.0,98.0,15.0,1.0,210.0,0.0,0.0,,2.0,2.0,138.0,0.0
Abdul Fatawu Issahaku,FW,Ghana,18,2004,0.0,2.0,0.0,0.0,2.0,0.0,0.0,2.0,0.0,1.0,0.0,0.0,0.0,1.0,0.0
Abdulaziz Hatem,MF,Qatar,32,1990,2.2,98.0,1.0,13.0,65.0,20.0,0.0,98.0,1.0,1.0,100.0,1.0,1.0,80.0,2.0
Abdulelah Al-Amri,DF,Saudi Arabia,25,1997,2.0,129.0,12.0,58.0,65.0,7.0,2.0,129.0,0.0,0.0,,1.0,0.0,63.0,0.0
Abdulellah Al-Malki,MF,Saudi Arabia,28,1994,1.9,105.0,6.0,28.0,63.0,17.0,1.0,105.0,0.0,0.0,,3.0,0.0,58.0,2.0
Abdullah Madu,DF,Saudi Arabia,29,1993,0.5,19.0,4.0,12.0,8.0,0.0,0.0,19.0,0.0,0.0,,0.0,0.0,6.0,0.0
Abdulrahman Al-Aboud,MF,Saudi Arabia,27,1995,0.4,22.0,0.0,3.0,5.0,14.0,2.0,22.0,0.0,3.0,0.0,2.0,0.0,12.0,4.0
Abolfazl Jalali,DF,IR Iran,24,1998,0.2,34.0,1.0,5.0,18.0,12.0,0.0,34.0,1.0,5.0,20.0,0.0,1.0,18.0,1.0
Achraf Dari,DF,Morocco,23,1999,2.1,139.0,24.0,84.0,51.0,4.0,1.0,139.0,0.0,0.0,,0.0,1.0,85.0,0.0
Achraf Hakimi,DF,Morocco,24,1998,7.0,478.0,25.0,185.0,190.0,111.0,14.0,478.0,2.0,15.0,13.3,17.0,8.0,280.0,18.0
Adrien Rabiot,MF,France,27,1995,5.4,350.0,16.0,62.0,203.0,88.0,19.0,350.0,2.0,5.0,40.0,5.0,7.0,243.0,17.0
Agustín Canobbio,MF,Uruguay,24,1998,0.1,11.0,1.0,5.0,1.0,5.0,0.0,11.0,0.0,0.0,,0.0,0.0,6.0,0.0
Ahmad Nourollahi,MF,IR Iran,29,1993,2.5,85.0,10.0,28.0,37.0,22.0,0.0,85.0,1.0,2.0,50.0,3.0,0.0,39.0,1.0
Ahmed Alaaeldin,FW,Qatar,29,1993,0.1,2.0,0.0,0.0,2.0,0.0,0.0,2.0,0.0,0.0,,0.0,0.0,1.0,0.0
Aimen Dahmen,GK,Tunisia,25,1997,3.0,82.0,73.0,82.0,0.0,0.0,0.0,82.0,0.0,0.0,,0.0,0.0,34.0,0.0
Ajdin Hrustic,MF,Australia,26,1996,0.7,32.0,3.0,6.0,15.0,12.0,1.0,32.0,1.0,4.0,25.0,2.0,1.0,21.0,4.0
Akram Afif,FW,Qatar,26,1996,3.0,181.0,1.0,11.0,122.0,50.0,2.0,181.0,3.0,7.0,42.9,5.0,5.0,141.0,10.0
Alan Franco,MF,Ecuador,24,1998,0.5,16.0,1.0,5.0,10.0,1.0,0.0,16.0,0.0,0.0,,1.0,0.0,9.0,0.0
Alejandro Balde,DF,Spain,19,2003,1.4,135.0,0.0,17.0,86.0,33.0,3.0,135.0,0.0,2.0,0.0,2.0,3.0,109.0,4.0
Aleksandar Mitrović,FW,Serbia,28,1994,2.9,95.0,1.0,3.0,54.0,39.0,14.0,95.0,1.0,1.0,100.0,6.0,3.0,67.0,12.0
Alex Sandro,DF,Brazil,31,1991,2.1,193.0,7.0,45.0,111.0,38.0,0.0,193.0,1.0,2.0,50.0,1.0,0.0,121.0,4.0
Alex Telles,DF,Brazil,30,1992,0.7,46.0,0.0,12.0,21.0,14.0,1.0,46.0,0.0,0.0,,1.0,0.0,32.0,0.0
Alexander Bah,DF,Denmark,25,1997,0.5,65.0,1.0,22.0,19.0,24.0,3.0,65.0,0.0,2.0,0.0,0.0,0.0,36.0,2.0
Alexander Djiku,DF,Ghana,28,1994,1.1,43.0,15.0,33.0,10.0,0.0,0.0,43.0,0.0,0.0,,0.0,0.0,18.0,0.0
Alexis Mac Allister,MF,Argentina,23,1998,6.1,332.0,2.0,38.0,165.0,134.0,11.0,332.0,4.0,8.0,50.0,7.0,8.0,247.0,23.0
Alexis Vega,FW,Mexico,25,1997,2.1,85.0,1.0,8.0,42.0,35.0,8.0,85.0,1.0,4.0,25.0,6.0,8.0,50.0,9.0
Ali Abdi,DF,Tunisia,28,1993,2.1,152.0,16.0,66.0,61.0,26.0,3.0,152.0,1.0,2.0,50.0,5.0,4.0,67.0,11.0
Ali Al Hassan,MF,Saudi Arabia,25,1997,0.5,15.0,1.0,4.0,8.0,3.0,1.0,15.0,0.0,0.0,,1.0,1.0,5.0,0.0
Ali Al-Bulaihi,DF,Saudi Arabia,33,1989,2.4,110.0,7.0,54.0,55.0,1.0,0.0,110.0,0.0,0.0,,2.0,0.0,65.0,0.0
Ali Assadalla,MF,Qatar,29,1993,0.3,24.0,0.0,5.0,14.0,6.0,0.0,24.0,1.0,1.0,100.0,0.0,0.0,22.0,0.0
Ali Gholizadeh,MF,IR Iran,26,1996,2.2,86.0,5.0,22.0,35.0,33.0,3.0,86.0,4.0,8.0,50.0,2.0,2.0,51.0,7.0
Ali Karimi,MF,IR Iran,28,1994,1.1,55.0,2.0,10.0,33.0,12.0,1.0,55.0,0.0,0.0,,1.0,0.0,36.0,3.0
Ali Maâloul,DF,Tunisia,32,1990,1.0,70.0,3.0,12.0,28.0,30.0,0.0,70.0,0.0,0.0,,0.0,1.0,34.0,3.0
Alidu Seidu,DF,Ghana,22,2000,1.7,98.0,3.0,37.0,42.0,22.0,1.0,98.0,4.0,6.0,66.7,4.0,0.0,49.0,0.0
Alireza Beiranvand,GK,IR Iran,30,1992,1.2,34.0,30.0,33.0,1.0,0.0,0.0,34.0,0.0,0.0,,0.0,0.0,17.0,0.0
Alireza Jahanbakhsh,MF,IR Iran,29,1993,0.7,27.0,0.0,6.0,12.0,9.0,1.0,27.0,1.0,1.0,100.0,1.0,0.0,13.0,3.0
Alisson,GK,Brazil,30,1992,4.2,101.0,88.0,100.0,1.0,0.0,0.0,101.0,0.0,0.0,,1.0,0.0,42.0,0.0
Alistair Johnston,DF,Canada,24,1998,3.0,209.0,8.0,61.0,106.0,44.0,5.0,209.0,1.0,1.0,100.0,4.0,1.0,121.0,4.0
Almoez Ali,FW,Qatar,26,1996,2.5,66.0,1.0,5.0,41.0,20.0,6.0,66.0,0.0,3.0,0.0,6.0,3.0,48.0,8.0
Alphonso Davies,MF,Canada,22,2000,3.0,156.0,3.0,13.0,62.0,87.0,7.0,156.0,11.0,24.0,45.8,11.0,7.0,94.0,15.0
Amadou Onana,MF,Belgium,21,2001,1.2,74.0,0.0,11.0,58.0,6.0,3.0,74.0,1.0,1.0,100.0,4.0,1.0,59.0,1.0
Anass Zaroury,FW,Morocco,22,2000,0.3,15.0,0.0,1.0,6.0,8.0,0.0,15.0,1.0,1.0,100.0,0.0,0.0,10.0,1.0
Andre-Frank Zambo Anguissa,MF,Cameroon,27,1995,2.9,159.0,3.0,46.0,82.0,33.0,3.0,159.0,4.0,5.0,80.0,5.0,5.0,117.0,3.0
Andreas Christensen,DF,Denmark,26,1996,3.0,280.0,25.0,106.0,173.0,4.0,2.0,280.0,0.0,0.0,,2.0,1.0,217.0,1.0
Andreas Cornelius,FW,Denmark,29,1993,1.0,48.0,1.0,3.0,15.0,30.0,11.0,48.0,1.0,1.0,100.0,4.0,1.0,41.0,15.0
Andreas Skov Olsen,FW,Denmark,22,1999,1.5,76.0,2.0,7.0,24.0,45.0,13.0,76.0,0.0,2.0,0.0,4.0,4.0,59.0,19.0
Andrej Kramarić,FW,Croatia,31,1991,5.3,215.0,0.0,12.0,93.0,114.0,15.0,215.0,4.0,8.0,50.0,7.0,6.0,178.0,32.0
Andries Noppert,GK,Netherlands,28,1994,5.3,205.0,184.0,203.0,2.0,0.0,0.0,205.0,0.0,0.0,,0.0,0.0,97.0,0.0
Andrija Živković,DF,Serbia,26,1996,2.3,118.0,7.0,34.0,48.0,40.0,3.0,118.0,0.0,1.0,0.0,4.0,1.0,72.0,4.0
André Ayew,MF,Ghana,33,1989,2.2,61.0,3.0,12.0,31.0,19.0,4.0,60.0,0.0,2.0,0.0,5.0,4.0,35.0,5.0
André Onana,GK,Cameroon,26,1996,0.9,60.0,34.0,56.0,4.0,0.0,0.0,60.0,0.0,0.0,,0.0,0.0,32.0,0.0
André Silva,FW,Portugal,27,1995,0.3,14.0,0.0,0.0,7.0,7.0,1.0,14.0,0.0,0.0,,1.0,1.0,12.0,4.0
Andrés Guardado,MF,Mexico,36,1986,0.5,22.0,0.0,6.0,16.0,1.0,0.0,22.0,0.0,0.0,,0.0,1.0,10.0,0.0
Anis Ben Slimane,MF,Tunisia,21,2001,1.6,72.0,1.0,11.0,22.0,40.0,5.0,72.0,0.0,1.0,0.0,8.0,11.0,47.0,8.0
Ansu Fati,FW,Spain,20,2002,0.5,33.0,0.0,2.0,8.0,23.0,4.0,33.0,0.0,2.0,0.0,1.0,0.0,28.0,5.0
Ante Budimir,FW,Croatia,31,1991,0.6,12.0,1.0,1.0,5.0,6.0,2.0,12.0,0.0,0.0,,1.0,1.0,4.0,2.0
Anthony Contreras,FW,Costa Rica,22,2000,1.4,38.0,0.0,3.0,25.0,10.0,2.0,38.0,0.0,0.0,,3.0,7.0,20.0,1.0
Antoine Griezmann,MF,France,31,1991,6.0,381.0,10.0,50.0,191.0,145.0,14.0,381.0,4.0,11.0,36.4,6.0,8.0,247.0,20.0
Antoine Semenyo,FW,Ghana,22,2000,0.2,6.0,0.0,0.0,2.0,4.0,2.0,6.0,0.0,0.0,,1.0,1.0,2.0,2.0
Antonee Robinson,DF,United States,25,1997,4.0,288.0,15.0,70.0,130.0,92.0,3.0,288.0,4.0,5.0,80.0,13.0,3.0,165.0,13.0
Antonio Rüdiger,DF,Germany,29,1993,3.0,273.0,22.0,110.0,150.0,14.0,4.0,273.0,0.0,1.0,0.0,1.0,0.0,215.0,0.0
Antony,FW,Brazil,22,2000,1.9,145.0,0.0,14.0,53.0,81.0,7.0,145.0,4.0,16.0,25.0,6.0,6.0,113.0,10.0
António Silva,DF,Portugal,19,2003,1.0,67.0,5.0,32.0,35.0,0.0,0.0,67.0,0.0,0.0,,0.0,0.0,49.0,0.0
Ao Tanaka,MF,Japan,24,1998,1.9,84.0,3.0,32.0,39.0,14.0,3.0,84.0,0.0,1.0,0.0,1.0,1.0,55.0,7.0
Ardon Jasari,FW,Switzerland,20,2002,0.0,8.0,0.0,1.0,5.0,2.0,0.0,8.0,0.0,1.0,0.0,0.0,0.0,5.0,0.0
Arkadiusz Milik,FW,Poland,28,1994,1.1,39.0,1.0,2.0,24.0,13.0,3.0,39.0,1.0,1.0,100.0,3.0,1.0,31.0,4.0
Artur Jędrzejczyk,DF,Poland,35,1987,0.2,5.0,0.0,2.0,3.0,0.0,0.0,5.0,0.0,0.0,,0.0,0.0,3.0,0.0
Asiri Haitham,FW,Saudi Arabia,21,2001,0.0,5.0,1.0,2.0,2.0,1.0,0.0,5.0,0.0,0.0,,0.0,0.0,1.0,0.0
Assim Madibo,MF,Qatar,26,1996,1.7,85.0,1.0,32.0,53.0,1.0,0.0,85.0,0.0,0.0,,3.0,2.0,46.0,1.0
Atiba Hutchinson,MF,Canada,39,1983,1.8,131.0,5.0,38.0,72.0,21.0,2.0,131.0,1.0,1.0,100.0,1.0,2.0,90.0,0.0
Aurélien Tchouaméni,MF,France,22,2000,6.9,533.0,15.0,96.0,373.0,69.0,3.0,533.0,3.0,5.0,60.0,11.0,0.0,397.0,6.0
Awer Mabil,MF,Australia,27,1995,0.3,18.0,0.0,4.0,13.0,1.0,1.0,18.0,0.0,1.0,0.0,1.0,0.0,13.0,0.0
Axel Disasi,DF,France,24,1998,1.0,90.0,4.0,18.0,48.0,25.0,2.0,90.0,1.0,2.0,50.0,0.0,1.0,50.0,0.0
Axel Witsel,MF,Belgium,33,1989,3.0,200.0,11.0,56.0,131.0,17.0,1.0,200.0,0.0,0.0,,2.0,3.0,140.0,2.0
Ayase Ueda,FW,Japan,24,1998,0.5,23.0,1.0,3.0,6.0,15.0,1.0,23.0,0.0,0.0,,4.0,2.0,15.0,5.0
Aymeric Laporte,DF,Spain,28,1994,3.3,456.0,29.0,151.0,297.0,8.0,2.0,456.0,0.0,0.0,,2.0,0.0,391.0,1.0
Aziz Behich,DF,Australia,32,1990,4.0,249.0,16.0,89.0,111.0,53.0,6.0,249.0,8.0,14.0,57.1,5.0,5.0,139.0,4.0
Azzedine Ounahi,MF,Morocco,22,2000,6.3,328.0,4.0,79.0,183.0,71.0,8.0,328.0,10.0,13.0,76.9,16.0,7.0,241.0,15.0
Aïssa Laïdouni,MF,Tunisia,26,1996,2.7,156.0,9.0,52.0,78.0,28.0,6.0,156.0,1.0,4.0,25.0,4.0,3.0,92.0,9.0
Baba Rahman,DF,Ghana,28,1994,2.0,121.0,4.0,24.0,60.0,37.0,2.0,121.0,1.0,5.0,20.0,6.0,0.0,68.0,3.0
Badr Banoun,DF,Morocco,29,1993,0.6,28.0,5.0,20.0,8.0,0.0,0.0,28.0,0.0,0.0,,0.0,1.0,19.0,0.0
Bailey Wright,DF,Australia,30,1992,0.2,5.0,2.0,3.0,1.0,1.0,0.0,5.0,0.0,0.0,,0.0,0.0,2.0,0.0
Bamba Dieng,FW,Senegal,22,2000,1.1,32.0,0.0,2.0,16.0,14.0,3.0,32.0,0.0,2.0,0.0,4.0,4.0,22.0,2.0
Bartosz Bereszyński,DF,Poland,30,1992,3.8,197.0,18.0,74.0,88.0,37.0,3.0,197.0,1.0,7.0,14.3,4.0,3.0,86.0,4.0
Bassam Al-Rawi,DF,Qatar,25,1997,1.0,68.0,7.0,34.0,34.0,0.0,0.0,68.0,1.0,1.0,100.0,0.0,1.0,47.0,0.0
Ben Davies,DF,Wales,29,1993,2.6,184.0,14.0,75.0,95.0,14.0,3.0,184.0,2.0,3.0,66.7,1.0,0.0,101.0,1.0
Benjamin Pavard,DF,France,26,1996,1.0,94.0,0.0,20.0,63.0,12.0,0.0,94.0,0.0,0.0,,0.0,0.0,72.0,0.0
Bernardo Silva,MF,Portugal,28,1994,4.0,309.0,7.0,42.0,168.0,101.0,8.0,309.0,1.0,4.0,25.0,4.0,4.0,237.0,11.0
Bilal El Khannous,MF,Morocco,18,2004,0.6,29.0,2.0,8.0,13.0,8.0,0.0,29.0,0.0,1.0,0.0,1.0,0.0,23.0,1.0
Borna Barišić,DF,Croatia,30,1992,1.3,81.0,5.0,22.0,41.0,19.0,2.0,81.0,0.0,0.0,,1.0,0.0,44.0,1.0
Borna Sosa,DF,Croatia,24,1998,4.7,333.0,18.0,106.0,138.0,90.0,3.0,333.0,2.0,4.0,50.0,6.0,3.0,216.0,8.0
Boualem Khoukhi,DF,Qatar,32,1990,3.0,232.0,52.0,151.0,77.0,5.0,4.0,232.0,0.0,3.0,0.0,2.0,1.0,155.0,0.0
Boulaye Dia,FW,Senegal,26,1996,3.5,81.0,3.0,5.0,27.0,51.0,11.0,81.0,1.0,4.0,25.0,9.0,8.0,56.0,21.0
Brandon Aguilera,MF,Costa Rica,19,2003,1.0,44.0,1.0,17.0,25.0,3.0,0.0,44.0,2.0,3.0,66.7,1.0,3.0,31.0,3.0
Breel Embolo,FW,Switzerland,25,1997,3.6,92.0,3.0,4.0,44.0,45.0,10.0,92.0,2.0,6.0,33.3,10.0,10.0,76.0,23.0
Brenden Aaronson,MF,United States,22,2000,1.2,78.0,1.0,9.0,39.0,30.0,7.0,78.0,2.0,11.0,18.2,8.0,4.0,53.0,4.0
Brennan Johnson,FW,Wales,21,2001,1.0,33.0,2.0,6.0,6.0,21.0,7.0,33.0,0.0,5.0,0.0,3.0,2.0,17.0,4.0
Bruno Fernandes,FW,Portugal,28,1994,4.0,266.0,6.0,34.0,121.0,114.0,8.0,265.0,3.0,6.0,50.0,7.0,4.0,192.0,18.0
Bruno Guimarães,MF,Brazil,25,1997,0.8,67.0,2.0,6.0,28.0,33.0,7.0,67.0,2.0,2.0,100.0,3.0,2.0,53.0,2.0
Bruno Petković,FW,Croatia,28,1994,2.6,101.0,3.0,7.0,55.0,41.0,13.0,101.0,2.0,4.0,50.0,7.0,10.0,90.0,10.0
Bryan Mbeumo,FW,Cameroon,23,1999,2.6,106.0,2.0,13.0,47.0,48.0,4.0,106.0,1.0,7.0,14.3,6.0,1.0,76.0,11.0
Bryan Oviedo,DF,Costa Rica,32,1990,2.9,112.0,12.0,49.0,42.0,24.0,1.0,112.0,0.0,2.0,0.0,1.0,0.0,60.0,4.0
Bryan Ruiz,MF,Costa Rica,37,1985,0.3,14.0,1.0,4.0,10.0,0.0,0.0,14.0,1.0,1.0,100.0,0.0,0.0,9.0,0.0
Bukayo Saka,FW,England,21,2001,3.2,147.0,2.0,17.0,48.0,83.0,15.0,147.0,2.0,11.0,18.2,3.0,3.0,111.0,23.0
Callum Wilson,FW,England,30,1992,0.5,16.0,0.0,2.0,8.0,7.0,2.0,16.0,0.0,1.0,0.0,4.0,2.0,13.0,6.0
Cameron Carter-Vickers,DF,United States,24,1997,1.0,64.0,9.0,33.0,30.0,1.0,0.0,64.0,0.0,0.0,,0.0,0.0,42.0,0.0
Carlos Gruezo,MF,Ecuador,27,1995,0.5,19.0,0.0,6.0,12.0,2.0,0.0,19.0,0.0,0.0,,3.0,0.0,15.0,0.0
Carlos Martínez,DF,Costa Rica,23,1999,0.5,20.0,2.0,9.0,9.0,2.0,0.0,20.0,0.0,0.0,,1.0,1.0,8.0,0.0
Carlos Soler,MF,Spain,25,1997,1.0,88.0,0.0,4.0,56.0,29.0,3.0,88.0,1.0,2.0,50.0,0.0,1.0,74.0,3.0
Casemiro,MF,Brazil,30,1992,4.3,302.0,10.0,58.0,174.0,71.0,5.0,302.0,1.0,3.0,33.3,1.0,4.0,204.0,7.0
Celso Borges,MF,Costa Rica,34,1988,2.8,143.0,15.0,56.0,83.0,6.0,0.0,143.0,2.0,2.0,100.0,2.0,0.0,83.0,1.0
Charles De Ketelaere,FW,Belgium,21,2001,0.2,6.0,0.0,2.0,2.0,2.0,1.0,6.0,0.0,0.0,,1.0,1.0,5.0,0.0
Charly Rodríguez,MF,Mexico,25,1997,0.4,36.0,0.0,3.0,25.0,8.0,0.0,36.0,2.0,2.0,100.0,1.0,0.0,26.0,1.0
Cheikhou Kouyaté,MF,Senegal,32,1989,0.8,34.0,4.0,10.0,16.0,8.0,0.0,34.0,1.0,1.0,100.0,1.0,0.0,18.0,2.0
Cho Guesung,FW,Korea Republic,24,1998,3.1,88.0,3.0,11.0,33.0,44.0,12.0,88.0,0.0,5.0,0.0,5.0,5.0,66.0,14.0
Cho Yumin,FW,Korea Republic,26,1996,0.0,0.0,0.0,0.0,0.0,0.0,0.0,0.0,0.0,0.0,,0.0,0.0,0.0,0.0
Chris Mepham,DF,Wales,25,1997,3.0,199.0,22.0,91.0,99.0,9.0,2.0,199.0,0.0,0.0,,0.0,0.0,130.0,0.0
Christian Bassogog,MF,Cameroon,27,1995,0.3,13.0,0.0,1.0,2.0,10.0,3.0,13.0,2.0,4.0,50.0,0.0,0.0,9.0,3.0
Christian Eriksen,MF,Denmark,30,1992,3.0,253.0,1.0,29.0,142.0,88.0,7.0,253.0,0.0,4.0,0.0,6.0,3.0,176.0,12.0
Christian Fassnacht,FW,Switzerland,29,1993,0.1,12.0,0.0,2.0,4.0,8.0,1.0,12.0,2.0,2.0,100.0,0.0,0.0,7.0,3.0
Christian Nørgaard,MF,Denmark,28,1994,0.1,15.0,1.0,3.0,10.0,2.0,0.0,15.0,0.0,0.0,,0.0,0.0,12.0,1.0
Christian Pulisic,FW,United States,24,1998,3.5,187.0,1.0,18.0,58.0,116.0,23.0,187.0,4.0,15.0,26.7,12.0,10.0,137.0,19.0
Christopher Wooh,DF,Cameroon,21,2001,1.0,45.0,8.0,25.0,18.0,2.0,1.0,45.0,0.0,0.0,,1.0,2.0,28.0,0.0
Cody Gakpo,FW,Netherlands,23,1999,5.0,205.0,5.0,21.0,70.0,120.0,6.0,205.0,5.0,13.0,38.5,16.0,9.0,130.0,17.0
Collins Fai,DF,Cameroon,30,1992,3.0,169.0,8.0,50.0,84.0,38.0,0.0,169.0,0.0,2.0,0.0,1.0,0.0,86.0,2.0
Connor Roberts,DF,Wales,27,1995,2.2,138.0,8.0,39.0,61.0,38.0,0.0,138.0,0.0,0.0,,0.0,0.0,81.0,7.0
Craig Goodwin,MF,Australia,31,1991,2.6,118.0,4.0,22.0,48.0,48.0,4.0,118.0,0.0,0.0,,2.0,3.0,74.0,8.0
Cristian Romero,DF,Argentina,24,1998,6.1,428.0,43.0,204.0,213.0,13.0,3.0,428.0,1.0,1.0,100.0,5.0,1.0,292.0,1.0
Cristiano Ronaldo,FW,Portugal,37,1985,3.2,116.0,2.0,5.0,58.0,53.0,18.0,115.0,0.0,5.0,0.0,9.0,5.0,95.0,27.0
Cyle Larin,FW,Canada,27,1995,1.5,44.0,2.0,4.0,19.0,22.0,7.0,44.0,1.0,4.0,25.0,5.0,2.0,33.0,7.0
César Azpilicueta,DF,Spain,33,1989,1.5,185.0,1.0,25.0,136.0,27.0,0.0,185.0,0.0,0.0,,1.0,1.0,149.0,0.0
César Montes,DF,Mexico,25,1997,3.0,222.0,19.0,99.0,114.0,10.0,3.0,222.0,2.0,2.0,100.0,2.0,0.0,158.0,1.0
Daichi Kamada,FW,Japan,26,1996,3.6,139.0,4.0,20.0,75.0,45.0,4.0,139.0,3.0,4.0,75.0,4.0,7.0,93.0,14.0
Daizen Maeda,FW,Japan,25,1997,2.0,31.0,0.0,4.0,18.0,11.0,7.0,31.0,0.0,1.0,0.0,2.0,0.0,13.0,5.0
Daley Blind,DF,Netherlands,32,1990,4.7,339.0,6.0,65.0,190.0,85.0,9.0,339.0,1.0,2.0,50.0,2.0,1.0,230.0,8.0
Damian Szymański,MF,Poland,27,1995,0.3,9.0,0.0,3.0,6.0,0.0,0.0,9.0,0.0,0.0,,0.0,0.0,8.0,0.0
Dani Alves,DF,Brazil,39,1983,1.3,113.0,4.0,22.0,60.0,33.0,1.0,113.0,1.0,2.0,50.0,1.0,2.0,71.0,4.0
Dani Carvajal,DF,Spain,30,1992,1.5,137.0,3.0,32.0,82.0,25.0,0.0,137.0,0.0,0.0,,1.0,0.0,91.0,3.0
Dani Olmo,FW,Spain,24,1998,4.1,257.0,2.0,17.0,90.0,152.0,18.0,257.0,4.0,19.0,21.1,11.0,7.0,200.0,40.0
Daniel Amartey,DF,Ghana,27,1994,2.8,172.0,25.0,102.0,67.0,5.0,1.0,172.0,1.0,1.0,100.0,0.0,1.0,118.0,1.0
Daniel Chacón,MF,Costa Rica,21,2001,0.0,2.0,1.0,2.0,0.0,0.0,0.0,2.0,0.0,0.0,,0.0,0.0,1.0,0.0
Daniel James,FW,Wales,25,1997,1.7,49.0,1.0,4.0,23.0,22.0,2.0,49.0,1.0,4.0,25.0,4.0,1.0,35.0,7.0
Daniel Kyereh,MF,Ghana,26,1996,0.4,31.0,3.0,9.0,10.0,12.0,0.0,31.0,2.0,2.0,100.0,1.0,2.0,18.0,2.0
Danilo,DF,Brazil,31,1991,3.1,289.0,10.0,69.0,177.0,43.0,1.0,289.0,1.0,1.0,100.0,2.0,1.0,214.0,8.0
Danilo Pereira,DF,Portugal,31,1991,1.0,87.0,8.0,43.0,44.0,1.0,0.0,87.0,1.0,1.0,100.0,1.0,1.0,65.0,0.0
Danny Ward,GK,Wales,29,1993,1.0,42.0,32.0,40.0,2.0,0.0,0.0,42.0,0.0,0.0,,0.0,0.0,20.0,0.0
Darko Lazović,DF,Serbia,32,1990,0.3,14.0,0.0,4.0,7.0,3.0,0.0,14.0,0.0,0.0,,1.0,0.0,8.0,0.0
Darwin Núñez,FW,Uruguay,23,1999,2.7,85.0,1.0,10.0,30.0,46.0,5.0,85.0,0.0,4.0,0.0,11.0,6.0,61.0,24.0
David Raum,DF,Germany,24,1998,2.7,229.0,4.0,49.0,85.0,99.0,6.0,229.0,2.0,4.0,50.0,5.0,3.0,138.0,13.0
David Wotherspoon,MF,Canada,32,1990,0.2,9.0,0.0,1.0,3.0,5.0,0.0,9.0,1.0,1.0,100.0,0.0,0.0,7.0,0.0
Davy Klaassen,MF,Netherlands,29,1993,2.1,96.0,2.0,17.0,45.0,34.0,6.0,96.0,0.0,1.0,0.0,4.0,3.0,65.0,9.0
Dayot Upamecano,DF,France,24,1998,5.3,393.0,26.0,158.0,234.0,5.0,2.0,393.0,0.0,0.0,,1.0,1.0,291.0,1.0
DeAndre Yedlin,DF,United States,29,1993,0.4,32.0,2.0,8.0,10.0,14.0,2.0,32.0,0.0,0.0,,1.0,0.0,15.0,1.0
Declan Rice,MF,England,23,1999,4.6,362.0,13.0,84.0,247.0,34.0,4.0,362.0,0.0,3.0,0.0,1.0,2.0,271.0,2.0
Dejan Lovren,DF,Croatia,33,1989,6.7,515.0,55.0,243.0,264.0,11.0,4.0,515.0,0.0,0.0,,1.0,0.0,381.0,1.0
Denis Odoi,DF,Ghana,34,1988,0.1,7.0,5.0,5.0,2.0,0.0,0.0,7.0,0.0,0.0,,0.0,0.0,1.0,0.0
Denis Zakaria,MF,Switzerland,26,1996,0.7,32.0,1.0,6.0,21.0,7.0,0.0,32.0,0.0,2.0,0.0,1.0,1.0,20.0,2.0
Denzel Dumfries,DF,Netherlands,26,1996,5.3,274.0,7.0,54.0,132.0,90.0,12.0,274.0,0.0,8.0,0.0,13.0,7.0,169.0,14.0
Devis Epassy,GK,Cameroon,29,1993,2.0,93.0,78.0,92.0,1.0,0.0,0.0,93.0,0.0,0.0,,0.0,0.0,32.0,0.0
Diego Godín,DF,Uruguay,36,1986,1.7,116.0,5.0,43.0,72.0,1.0,1.0,116.0,0.0,0.0,,0.0,0.0,78.0,1.0
Diogo Costa,GK,Portugal,23,1999,5.0,170.0,156.0,170.0,0.0,0.0,0.0,170.0,0.0,0.0,,0.0,1.0,87.0,0.0
Diogo Dalot,DF,Portugal,23,1999,2.9,172.0,7.0,45.0,80.0,47.0,5.0,172.0,1.0,3.0,33.3,2.0,1.0,104.0,6.0
Djibril Sow,MF,Switzerland,25,1997,2.9,115.0,1.0,11.0,72.0,33.0,3.0,115.0,0.0,2.0,0.0,4.0,2.0,88.0,11.0
Djorkaeff Reasco,FW,Ecuador,23,1999,0.3,3.0,0.0,1.0,2.0,0.0,0.0,3.0,0.0,0.0,,1.0,1.0,4.0,2.0
Dominik Livaković,GK,Croatia,27,1995,7.7,245.0,224.0,245.0,0.0,0.0,0.0,245.0,0.0,0.0,,0.0,0.0,112.0,0.0
Dries Mertens,MF,Belgium,35,1987,0.8,39.0,0.0,3.0,16.0,20.0,5.0,39.0,1.0,1.0,100.0,1.0,0.0,28.0,7.0
Dušan Tadić,MF,Serbia,34,1988,2.9,150.0,1.0,8.0,59.0,85.0,8.0,150.0,3.0,6.0,50.0,8.0,3.0,114.0,14.0
Dušan Vlahović,FW,Serbia,22,2000,0.9,19.0,0.0,3.0,8.0,8.0,3.0,19.0,0.0,1.0,0.0,3.0,1.0,13.0,3.0
Dylan Bronn,DF,Tunisia,27,1995,1.8,104.0,2.0,40.0,53.0,12.0,1.0,104.0,0.0,0.0,,0.0,2.0,70.0,1.0
Eden Hazard,MF,Belgium,31,1991,1.4,70.0,0.0,9.0,39.0,24.0,2.0,70.0,5.0,10.0,50.0,5.0,5.0,56.0,4.0
Ederson,GK,Brazil,29,1993,1.0,32.0,30.0,32.0,0.0,0.0,0.0,32.0,0.0,0.0,,0.0,0.0,14.0,0.0
Edimilson Fernandes,FW,Switzerland,26,1996,1.6,95.0,5.0,27.0,37.0,32.0,1.0,95.0,0.0,1.0,0.0,2.0,3.0,57.0,5.0
Edinson Cavani,FW,Uruguay,35,1987,1.4,44.0,0.0,3.0,23.0,18.0,5.0,44.0,1.0,1.0,100.0,3.0,0.0,34.0,5.0
Edouard Mendy,GK,Senegal,30,1992,4.0,128.0,110.0,128.0,0.0,0.0,0.0,128.0,0.0,0.0,,0.0,0.0,55.0,0.0
Edson Álvarez,MF,Mexico,25,1997,1.9,131.0,1.0,33.0,87.0,12.0,0.0,131.0,1.0,1.0,100.0,1.0,2.0,72.0,0.0
Eduardo Camavinga,DF,France,20,2002,1.6,138.0,10.0,41.0,62.0,36.0,1.0,138.0,1.0,4.0,25.0,3.0,3.0,75.0,3.0
Ehsan Hajsafi,MF,IR Iran,32,1990,2.6,118.0,3.0,34.0,57.0,27.0,2.0,118.0,0.0,2.0,0.0,2.0,1.0,68.0,2.0
Ellyes Skhiri,MF,Tunisia,27,1995,3.0,161.0,8.0,44.0,108.0,10.0,1.0,161.0,1.0,3.0,33.3,4.0,1.0,94.0,4.0
Emiliano Martínez,GK,Argentina,30,1992,7.7,196.0,172.0,196.0,0.0,0.0,0.0,196.0,0.0,0.0,,0.0,0.0,83.0,0.0
Enner Valencia,FW,Ecuador,33,1989,2.8,98.0,2.0,3.0,41.0,55.0,13.0,97.0,2.0,7.0,28.6,15.0,6.0,71.0,13.0
Enzo Ebosse,DF,Cameroon,23,1999,1.0,49.0,9.0,28.0,21.0,1.0,0.0,49.0,0.0,0.0,,0.0,0.0,29.0,0.0
Enzo Fernández,MF,Argentina,21,2001,6.3,533.0,16.0,104.0,352.0,80.0,5.0,533.0,3.0,6.0,50.0,9.0,7.0,417.0,4.0
Eray Cömert,DF,Switzerland,24,1998,0.5,50.0,5.0,32.0,19.0,1.0,0.0,50.0,0.0,1.0,0.0,1.0,0.0,37.0,1.0
Eric Dier,DF,England,28,1994,0.4,44.0,2.0,22.0,23.0,0.0,0.0,44.0,0.0,0.0,,0.0,0.0,35.0,0.0
Eric Maxim Choupo-Moting,FW,Cameroon,33,1989,2.8,87.0,2.0,9.0,48.0,32.0,9.0,87.0,3.0,8.0,37.5,7.0,2.0,62.0,7.0
Erick Gutiérrez,MF,Mexico,27,1995,0.5,34.0,1.0,5.0,27.0,3.0,0.0,34.0,0.0,1.0,0.0,0.0,0.0,26.0,1.0
Ethan Ampadu,MF,Wales,22,2000,2.8,178.0,12.0,48.0,108.0,23.0,0.0,178.0,2.0,3.0,66.7,0.0,3.0,104.0,4.0
Everton Ribeiro,MF,Brazil,33,1989,0.4,21.0,0.0,2.0,7.0,12.0,3.0,21.0,0.0,1.0,0.0,0.0,1.0,17.0,5.0
Exequiel Palacios,MF,Argentina,24,1998,0.6,34.0,1.0,5.0,19.0,10.0,1.0,34.0,0.0,1.0,0.0,0.0,2.0,22.0,1.0
Fabian Frei,MF,Switzerland,33,1989,0.3,16.0,1.0,7.0,9.0,0.0,0.0,16.0,0.0,0.0,,0.0,2.0,13.0,1.0
Fabian Rieder,FW,Switzerland,20,2002,0.8,32.0,1.0,8.0,16.0,10.0,1.0,32.0,1.0,1.0,100.0,2.0,2.0,19.0,2.0
Fabian Schär,DF,Switzerland,30,1991,1.5,100.0,14.0,50.0,48.0,2.0,1.0,100.0,0.0,0.0,,1.0,1.0,56.0,0.0
Fabinho,MF,Brazil,29,1993,1.0,63.0,4.0,12.0,45.0,7.0,0.0,63.0,0.0,0.0,,1.0,0.0,40.0,0.0
Facundo Pellistri,MF,Uruguay,20,2001,2.0,66.0,1.0,8.0,16.0,43.0,7.0,66.0,0.0,6.0,0.0,2.0,3.0,48.0,9.0
Famara Diedhiou,FW,Senegal,30,1992,1.0,24.0,3.0,4.0,9.0,11.0,5.0,24.0,0.0,1.0,0.0,2.0,2.0,20.0,0.0
Federico Valverde,MF,Uruguay,24,1998,3.0,225.0,2.0,40.0,144.0,47.0,4.0,225.0,1.0,4.0,25.0,6.0,2.0,152.0,4.0
Ferjani Sassi,MF,Tunisia,30,1992,0.5,39.0,1.0,9.0,26.0,4.0,0.0,39.0,2.0,3.0,66.7,0.0,0.0,27.0,2.0
Ferrán Torres,FW,Spain,22,2000,2.4,115.0,0.0,5.0,38.0,72.0,12.0,114.0,1.0,11.0,9.1,9.0,7.0,98.0,14.0
Filip Kostić,DF,Serbia,30,1992,2.0,130.0,2.0,18.0,57.0,56.0,10.0,130.0,0.0,1.0,0.0,3.0,1.0,72.0,12.0
Filip Mladenović,DF,Serbia,31,1991,0.7,29.0,1.0,8.0,14.0,7.0,1.0,29.0,0.0,2.0,0.0,1.0,0.0,14.0,2.0
Filip Đuričić,MF,Serbia,30,1992,0.2,9.0,0.0,0.0,4.0,5.0,1.0,9.0,0.0,0.0,,1.0,0.0,6.0,2.0
Firas Al-Buraikan,MF,Saudi Arabia,22,2000,3.0,94.0,7.0,17.0,29.0,49.0,9.0,94.0,1.0,7.0,14.3,4.0,3.0,63.0,9.0
Fodé Ballo-Touré,DF,Senegal,25,1997,0.1,10.0,0.0,1.0,7.0,2.0,1.0,10.0,0.0,1.0,0.0,0.0,0.0,6.0,0.0
Fran Karačić,DF,Australia,26,1996,1.0,69.0,6.0,24.0,31.0,14.0,1.0,69.0,0.0,0.0,,1.0,0.0,22.0,0.0
Francisco Calvo,DF,Costa Rica,30,1992,2.0,121.0,8.0,76.0,43.0,3.0,0.0,121.0,2.0,2.0,100.0,4.0,1.0,76.0,0.0
Fred,MF,Brazil,29,1993,1.6,98.0,4.0,22.0,43.0,33.0,2.0,98.0,0.0,0.0,,3.0,1.0,67.0,6.0
Frenkie de Jong,MF,Netherlands,25,1997,5.3,408.0,13.0,82.0,255.0,75.0,3.0,408.0,3.0,6.0,50.0,5.0,4.0,303.0,7.0
Félix Torres Caicedo,DF,Ecuador,25,1997,3.0,233.0,21.0,139.0,90.0,5.0,3.0,233.0,0.0,1.0,0.0,2.0,0.0,155.0,0.0
Gabriel Jesus,FW,Brazil,25,1997,1.0,39.0,0.0,0.0,12.0,27.0,6.0,39.0,1.0,2.0,50.0,2.0,0.0,25.0,4.0
Garang Kuol,FW,Australia,18,2004,0.4,10.0,0.0,1.0,4.0,5.0,2.0,10.0,0.0,2.0,0.0,1.0,0.0,7.0,3.0
Gareth Bale,FW,Wales,33,1989,2.5,68.0,2.0,13.0,30.0,26.0,2.0,67.0,1.0,3.0,33.3,4.0,4.0,51.0,10.0
Gavi,MF,Spain,18,2004,3.2,183.0,3.0,13.0,116.0,55.0,6.0,183.0,3.0,7.0,42.9,8.0,5.0,153.0,18.0
Gaël Ondoua,MF,Cameroon,27,1995,0.5,25.0,2.0,3.0,15.0,7.0,1.0,25.0,0.0,0.0,,0.0,1.0,9.0,0.0
Georges-Kévin N'Koudou,FW,Cameroon,27,1995,0.3,20.0,0.0,1.0,7.0,12.0,1.0,20.0,0.0,2.0,0.0,1.0,2.0,12.0,4.0
Germán Pezzella,DF,Argentina,31,1991,0.7,47.0,0.0,10.0,36.0,1.0,1.0,47.0,0.0,0.0,,0.0,0.0,40.0,0.0
Gerson Torres,MF,Costa Rica,25,1997,0.7,25.0,0.0,7.0,12.0,6.0,0.0,25.0,0.0,2.0,0.0,3.0,4.0,22.0,1.0
Ghaylène Chaalali,MF,Tunisia,28,1994,0.2,11.0,2.0,7.0,4.0,0.0,0.0,11.0,0.0,0.0,,1.0,1.0,1.0,0.0
Gideon Mensah,DF,Ghana,24,1998,1.0,59.0,6.0,23.0,25.0,11.0,0.0,59.0,0.0,0.0,,2.0,1.0,29.0,2.0
Gio Reyna,FW,United States,20,2002,0.6,42.0,0.0,0.0,16.0,26.0,5.0,42.0,0.0,0.0,,1.0,1.0,32.0,4.0
Giorgian De Arrascaeta,MF,Uruguay,28,1994,1.2,69.0,0.0,8.0,24.0,37.0,5.0,69.0,0.0,1.0,0.0,4.0,4.0,44.0,10.0
Gleison Bremer,DF,Brazil,25,1997,1.2,95.0,12.0,56.0,36.0,4.0,1.0,95.0,0.0,0.0,,1.0,0.0,68.0,0.0
Gonzalo Montiel,DF,Argentina,25,1997,1.3,95.0,2.0,23.0,49.0,25.0,1.0,95.0,0.0,1.0,0.0,3.0,2.0,68.0,9.0
Gonzalo Plata,MF,Ecuador,22,2000,3.0,133.0,0.0,9.0,73.0,52.0,6.0,133.0,4.0,12.0,33.3,9.0,3.0,85.0,6.0
Gonçalo Ramos,FW,Portugal,21,2001,1.7,55.0,2.0,5.0,20.0,30.0,10.0,55.0,0.0,2.0,0.0,7.0,0.0,39.0,13.0
Granit Xhaka,MF,Switzerland,30,1992,4.0,273.0,11.0,66.0,171.0,40.0,3.0,273.0,1.0,2.0,50.0,2.0,3.0,202.0,5.0
Gregor Kobel,GK,Switzerland,25,1997,1.0,29.0,28.0,29.0,0.0,0.0,0.0,29.0,0.0,0.0,,0.0,0.0,10.0,0.0
Grzegorz Krychowiak,MF,Poland,32,1990,3.7,165.0,9.0,36.0,107.0,23.0,4.0,165.0,1.0,3.0,33.3,7.0,0.0,91.0,1.0
Guido Rodríguez,MF,Argentina,28,1994,0.6,69.0,1.0,23.0,45.0,1.0,0.0,69.0,0.0,0.0,,0.0,0.0,54.0,0.0
Guillermo Ochoa,GK,Mexico,37,1985,3.0,112.0,77.0,112.0,0.0,0.0,0.0,112.0,0.0,0.0,,0.0,0.0,51.0,0.0
Guillermo Varela,DF,Uruguay,29,1993,2.0,109.0,2.0,29.0,57.0,23.0,0.0,109.0,0.0,3.0,0.0,2.0,1.0,66.0,5.0
Haji Wright,FW,United States,24,1998,1.5,44.0,2.0,5.0,18.0,21.0,8.0,44.0,0.0,1.0,0.0,2.0,0.0,31.0,6.0
Hakim Ziyech,FW,Morocco,29,1993,7.1,386.0,3.0,70.0,185.0,134.0,8.0,386.0,12.0,29.0,41.4,15.0,11.0,263.0,17.0
Hannibal Mejbri,MF,Tunisia,19,2003,0.1,4.0,1.0,3.0,0.0,1.0,0.0,4.0,0.0,0.0,,0.0,0.0,1.0,0.0
Haris Seferović,FW,Switzerland,30,1992,0.8,20.0,1.0,3.0,9.0,8.0,1.0,20.0,0.0,0.0,,2.0,0.0,15.0,2.0
Harry Kane,FW,England,29,1993,4.5,138.0,7.0,8.0,61.0,71.0,13.0,136.0,4.0,8.0,50.0,10.0,5.0,110.0,22.0
Harry Maguire,DF,England,29,1993,4.8,445.0,28.0,204.0,224.0,20.0,13.0,445.0,2.0,2.0,100.0,0.0,0.0,344.0,2.0
Harry Souttar,DF,Australia,24,1998,4.0,213.0,37.0,143.0,68.0,4.0,2.0,213.0,0.0,0.0,,1.0,0.0,128.0,0.0
Harry Wilson,MF,Wales,25,1997,1.8,81.0,5.0,21.0,35.0,25.0,1.0,81.0,0.0,1.0,0.0,3.0,0.0,48.0,5.0
Hassan Al Tambakti,DF,Saudi Arabia,23,1999,2.0,75.0,17.0,43.0,31.0,2.0,2.0,75.0,0.0,0.0,,0.0,0.0,34.0,0.0
Hassan Al-Haydos,MF,Qatar,32,1990,2.3,101.0,1.0,25.0,52.0,27.0,0.0,101.0,2.0,6.0,33.3,6.0,3.0,72.0,7.0
Hattan Bahebri,MF,Saudi Arabia,30,1992,0.0,7.0,2.0,2.0,3.0,2.0,1.0,7.0,0.0,0.0,,0.0,0.0,6.0,1.0
Henry Martín,FW,Mexico,30,1992,1.6,35.0,1.0,2.0,16.0,17.0,10.0,35.0,1.0,1.0,100.0,5.0,2.0,28.0,5.0
Hernán Galíndez,GK,Ecuador,35,1987,3.0,77.0,63.0,77.0,0.0,0.0,0.0,77.0,0.0,0.0,,0.0,0.0,29.0,0.0
Hidemasa Morita,MF,Japan,27,1995,3.2,192.0,11.0,44.0,116.0,33.0,3.0,192.0,0.0,3.0,0.0,4.0,5.0,128.0,2.0
Hiroki Ito,DF,Japan,23,1999,0.5,64.0,0.0,9.0,48.0,7.0,0.0,64.0,0.0,0.0,,0.0,0.0,51.0,1.0
Hiroki Sakai,MF,Japan,32,1990,1.3,70.0,8.0,33.0,22.0,15.0,2.0,70.0,0.0,2.0,0.0,1.0,1.0,26.0,1.0
Hirving Lozano,FW,Mexico,27,1995,2.8,109.0,0.0,8.0,35.0,69.0,7.0,109.0,5.0,10.0,50.0,10.0,4.0,76.0,20.0
Homam Ahmed,DF,Qatar,23,1999,2.9,115.0,3.0,27.0,56.0,33.0,1.0,115.0,3.0,5.0,60.0,4.0,2.0,67.0,6.0
Hong Chul,DF,Korea Republic,32,1990,0.5,24.0,2.0,6.0,9.0,9.0,0.0,24.0,0.0,1.0,0.0,0.0,0.0,15.0,2.0
Hossein Hosseini,GK,IR Iran,30,1992,1.8,49.0,44.0,49.0,0.0,0.0,0.0,49.0,0.0,0.0,,0.0,0.0,16.0,0.0
Hossein Kanaanizadegan,DF,IR Iran,28,1994,0.5,15.0,2.0,10.0,5.0,0.0,0.0,15.0,0.0,0.0,,0.0,0.0,7.0,0.0
Hugo Lloris,GK,France,35,1986,6.3,203.0,175.0,202.0,1.0,0.0,0.0,203.0,0.0,0.0,,0.0,0.0,73.0,0.0
Hwang Hee-chan,MF,Korea Republic,26,1996,1.3,84.0,0.0,12.0,22.0,51.0,6.0,84.0,3.0,10.0,30.0,5.0,3.0,66.0,6.0
Hwang In-beom,MF,Korea Republic,26,1996,3.7,276.0,1.0,44.0,157.0,76.0,0.0,276.0,0.0,5.0,0.0,4.0,0.0,201.0,5.0
Hwang Ui-jo,FW,Korea Republic,30,1992,1.2,18.0,1.0,2.0,6.0,11.0,2.0,18.0,1.0,1.0,100.0,2.0,0.0,11.0,2.0
Héctor Herrera,MF,Mexico,32,1990,1.8,91.0,2.0,11.0,62.0,19.0,1.0,91.0,0.0,1.0,0.0,2.0,1.0,54.0,4.0
Héctor Moreno,DF,Mexico,34,1988,3.0,210.0,12.0,73.0,133.0,6.0,4.0,210.0,0.0,0.0,,2.0,1.0,150.0,0.0
Ibrahima Konaté,DF,France,23,1999,3.3,283.0,26.0,111.0,171.0,5.0,2.0,283.0,0.0,0.0,,3.0,2.0,205.0,1.0
Idrissa Gana Gueye,MF,Senegal,33,1989,3.0,155.0,7.0,25.0,71.0,60.0,4.0,155.0,1.0,2.0,50.0,2.0,5.0,97.0,9.0
Ilias Chair,MF,Morocco,25,1997,0.5,18.0,0.0,1.0,12.0,5.0,1.0,18.0,0.0,1.0,0.0,0.0,1.0,15.0,2.0
Iliman Ndiaye,FW,Senegal,22,2000,1.5,44.0,0.0,1.0,20.0,25.0,4.0,44.0,6.0,8.0,75.0,1.0,3.0,29.0,9.0
Ismail Jakobs,DF,Senegal,23,1999,3.1,184.0,7.0,61.0,78.0,45.0,0.0,184.0,0.0,1.0,0.0,2.0,1.0,85.0,2.0
Ismail Mohamad,FW,Qatar,32,1990,1.9,,,,,,,,,,,,,,
Ismaila Sarr,FW,Senegal,24,1998,3.8,133.0,3.0,14.0,43.0,78.0,20.0,132.0,9.0,19.0,47.4,12.0,5.0,97.0,14.0
Ismaël Koné,MF,Canada,20,2002,1.2,103.0,1.0,15.0,77.0,11.0,0.0,103.0,1.0,2.0,50.0,0.0,0.0,92.0,2.0
Issam Jebali,FW,Tunisia,30,1991,2.0,60.0,3.0,9.0,27.0,27.0,10.0,60.0,1.0,2.0,50.0,8.0,7.0,40.0,10.0
Ivan Ilić,MF,Serbia,21,2001,0.4,23.0,0.0,6.0,13.0,4.0,0.0,23.0,0.0,0.0,,1.0,1.0,16.0,1.0
Ivan Perišić,FW,Croatia,33,1989,7.4,378.0,13.0,69.0,140.0,175.0,34.0,378.0,6.0,13.0,46.2,18.0,5.0,242.0,33.0
Iñaki Williams,FW,Ghana,28,1994,3.0,63.0,3.0,10.0,24.0,30.0,6.0,63.0,1.0,1.0,100.0,5.0,5.0,42.0,6.0
Jack Grealish,FW,England,27,1995,1.0,71.0,2.0,12.0,34.0,26.0,5.0,71.0,3.0,9.0,33.3,1.0,0.0,61.0,4.0
Jackson Irvine,MF,Australia,29,1993,3.9,170.0,9.0,39.0,98.0,33.0,3.0,170.0,0.0,2.0,0.0,5.0,6.0,97.0,4.0
Jackson Porozo,DF,Ecuador,22,2000,1.1,58.0,2.0,26.0,30.0,2.0,1.0,58.0,0.0,0.0,,0.0,2.0,32.0,0.0
Jakub Kamiński,MF,Poland,20,2002,2.6,88.0,5.0,15.0,36.0,41.0,7.0,88.0,2.0,5.0,40.0,4.0,6.0,48.0,4.0
Jakub Kiwior,DF,Poland,22,2000,3.9,236.0,31.0,140.0,93.0,3.0,2.0,236.0,0.0,0.0,,2.0,1.0,165.0,0.0
Jamal Musiala,MF,Germany,19,2003,2.9,163.0,1.0,13.0,53.0,101.0,28.0,163.0,19.0,36.0,52.8,11.0,16.0,126.0,29.0
Jamie Maclaren,FW,Australia,29,1993,0.6,15.0,0.0,0.0,5.0,10.0,3.0,15.0,0.0,0.0,,0.0,1.0,13.0,4.0
Jan Bednarek,DF,Poland,26,1996,0.1,6.0,0.0,1.0,5.0,0.0,0.0,6.0,0.0,0.0,,0.0,0.0,3.0,0.0
Jan Vertonghen,DF,Belgium,35,1987,3.0,290.0,36.0,169.0,116.0,5.0,4.0,290.0,0.0,0.0,,0.0,0.0,234.0,0.0
Jason Cummings,FW,Australia,27,1995,0.4,9.0,0.0,0.0,8.0,1.0,0.0,9.0,0.0,1.0,0.0,0.0,0.0,4.0,1.0
Jawad El Yamiq,DF,Morocco,30,1992,3.4,202.0,29.0,119.0,80.0,3.0,3.0,202.0,0.0,0.0,,2.0,0.0,121.0,0.0
Jean-Charles Castelletto,DF,Cameroon,27,1995,2.0,109.0,21.0,59.0,44.0,6.0,2.0,109.0,1.0,1.0,100.0,1.0,0.0,61.0,0.0
Jeong Woo-yeong,MF,Korea Republic,23,1999,0.5,20.0,1.0,1.0,5.0,14.0,2.0,20.0,0.0,1.0,0.0,1.0,0.0,14.0,4.0
Jeremy Doku,MF,Belgium,20,2002,0.2,16.0,0.0,1.0,7.0,9.0,2.0,16.0,2.0,4.0,50.0,1.0,0.0,14.0,0.0
Jeremy Sarmiento,MF,Ecuador,20,2002,0.9,44.0,0.0,2.0,20.0,25.0,2.0,44.0,2.0,6.0,33.3,2.0,1.0,27.0,3.0
Jerome Ngom Mbekeli,MF,Cameroon,24,1998,0.1,4.0,1.0,1.0,0.0,3.0,0.0,4.0,0.0,0.0,,1.0,1.0,4.0,1.0
Jesper Lindstrøm,MF,Denmark,22,2000,2.2,81.0,2.0,8.0,25.0,50.0,7.0,81.0,4.0,12.0,33.3,8.0,1.0,57.0,11.0
Jesús Ferreira,FW,United States,21,2000,0.5,24.0,0.0,2.0,9.0,13.0,1.0,24.0,0.0,1.0,0.0,0.0,1.0,19.0,2.0
Jesús Gallardo,DF,Mexico,28,1994,3.0,167.0,7.0,55.0,76.0,37.0,3.0,167.0,3.0,4.0,75.0,5.0,0.0,76.0,8.0
Jewison Bennette,MF,Costa Rica,18,2004,1.1,29.0,1.0,7.0,9.0,13.0,2.0,29.0,1.0,4.0,25.0,5.0,1.0,22.0,7.0
Jhegson Méndez,MF,Ecuador,25,1997,2.0,150.0,2.0,63.0,83.0,5.0,1.0,150.0,0.0,1.0,0.0,2.0,1.0,114.0,1.0
Joachim Andersen,DF,Denmark,26,1996,3.0,281.0,20.0,99.0,165.0,17.0,4.0,281.0,0.0,1.0,0.0,1.0,1.0,197.0,0.0
Joakim Mæhle,DF,Denmark,25,1997,2.8,185.0,6.0,49.0,69.0,68.0,3.0,185.0,0.0,9.0,0.0,3.0,2.0,111.0,16.0
Joe Allen,MF,Wales,32,1990,1.0,51.0,4.0,17.0,28.0,7.0,0.0,51.0,0.0,0.0,,5.0,0.0,27.0,1.0
Joe Morrell,MF,Wales,25,1997,0.4,24.0,2.0,6.0,16.0,2.0,0.0,24.0,0.0,0.0,,0.0,1.0,10.0,0.0
Joe Rodon,DF,Wales,25,1997,3.0,192.0,27.0,122.0,68.0,2.0,1.0,192.0,0.0,0.0,,0.0,0.0,134.0,0.0
Joel Campbell,FW,Costa Rica,30,1992,3.0,179.0,1.0,20.0,118.0,45.0,1.0,179.0,6.0,13.0,46.2,10.0,8.0,129.0,9.0
Johan Venegas,FW,Costa Rica,34,1988,0.8,21.0,1.0,4.0,9.0,8.0,1.0,21.0,0.0,1.0,0.0,2.0,0.0,14.0,3.0
John Stones,DF,England,28,1994,4.8,475.0,27.0,209.0,257.0,12.0,5.0,475.0,2.0,2.0,100.0,1.0,0.0,403.0,0.0
Jonas Hofmann,FW,Germany,30,1992,0.3,24.0,0.0,1.0,11.0,12.0,2.0,24.0,0.0,1.0,0.0,0.0,2.0,18.0,1.0
Jonathan David,FW,Canada,22,2000,2.1,84.0,1.0,7.0,46.0,31.0,11.0,84.0,0.0,4.0,0.0,8.0,2.0,58.0,16.0
Jonathan Osorio,MF,Canada,30,1992,1.3,68.0,0.0,10.0,44.0,14.0,2.0,68.0,1.0,2.0,50.0,2.0,2.0,53.0,2.0
Jordan Ayew,FW,Ghana,31,1991,1.5,68.0,1.0,10.0,34.0,26.0,0.0,68.0,1.0,7.0,14.3,5.0,4.0,42.0,6.0
Jordan Henderson,MF,England,32,1990,3.0,179.0,1.0,19.0,100.0,61.0,5.0,179.0,0.0,2.0,0.0,1.0,1.0,144.0,8.0
Jordan Morris,FW,United States,28,1994,0.0,5.0,0.0,0.0,1.0,4.0,2.0,5.0,0.0,0.0,,0.0,0.0,3.0,1.0
Jordan Pickford,GK,England,28,1994,5.0,169.0,128.0,169.0,0.0,0.0,0.0,169.0,0.0,0.0,,0.0,0.0,100.0,0.0
Jordan Veretout,MF,France,29,1993,0.7,43.0,2.0,11.0,25.0,7.0,1.0,43.0,0.0,0.0,,2.0,1.0,32.0,1.0
Jordi Alba,DF,Spain,33,1989,2.9,392.0,4.0,62.0,223.0,109.0,1.0,392.0,2.0,3.0,66.7,4.0,0.0,305.0,11.0
Jorge Eduardo Sánchez,DF,Mexico,25,1997,1.9,113.0,6.0,32.0,48.0,34.0,4.0,113.0,1.0,4.0,25.0,4.0,4.0,54.0,9.0
Josh Sargent,FW,United States,22,2000,1.7,48.0,0.0,4.0,18.0,26.0,5.0,48.0,2.0,2.0,100.0,5.0,4.0,35.0,14.0
Joshua Kimmich,MF,Germany,27,1995,3.0,301.0,9.0,53.0,165.0,83.0,4.0,301.0,1.0,4.0,25.0,3.0,3.0,207.0,11.0
Josip Juranović,DF,Croatia,27,1995,6.7,450.0,33.0,121.0,228.0,108.0,3.0,450.0,1.0,4.0,25.0,7.0,4.0,287.0,20.0
Josip Stanišić,DF,Croatia,22,2000,1.0,56.0,1.0,16.0,29.0,11.0,1.0,56.0,0.0,0.0,,0.0,0.0,29.0,5.0
Josip Šutalo,DF,Croatia,22,2000,1.0,73.0,14.0,42.0,31.0,0.0,0.0,73.0,0.0,0.0,,0.0,0.0,61.0,0.0
José Cifuentes,MF,Ecuador,23,1999,0.7,52.0,1.0,7.0,37.0,8.0,0.0,52.0,0.0,0.0,,4.0,1.0,40.0,2.0
José María Giménez,DF,Uruguay,27,1995,3.0,213.0,26.0,96.0,108.0,9.0,4.0,213.0,0.0,0.0,,2.0,1.0,134.0,2.0
João Cancelo,DF,Portugal,28,1994,3.4,311.0,8.0,74.0,144.0,95.0,7.0,311.0,4.0,11.0,36.4,6.0,1.0,207.0,8.0
João Félix,FW,Portugal,23,1999,3.7,153.0,1.0,12.0,66.0,78.0,13.0,153.0,2.0,8.0,25.0,5.0,0.0,130.0,21.0
João Mário,FW,Portugal,29,1993,0.9,52.0,0.0,0.0,24.0,29.0,2.0,52.0,0.0,1.0,0.0,2.0,0.0,34.0,3.0
João Palhinha,MF,Portugal,27,1995,0.4,41.0,1.0,9.0,22.0,10.0,1.0,41.0,1.0,2.0,50.0,2.0,1.0,25.0,1.0
Joško Gvardiol,DF,Croatia,20,2002,7.7,601.0,84.0,273.0,312.0,21.0,4.0,601.0,1.0,2.0,50.0,1.0,2.0,420.0,3.0
Juan Foyth,DF,Argentina,24,1998,0.1,5.0,0.0,1.0,3.0,1.0,0.0,5.0,1.0,1.0,100.0,1.0,0.0,2.0,1.0
Juan Pablo Vargas,DF,Costa Rica,27,1995,1.0,41.0,13.0,32.0,8.0,1.0,1.0,41.0,0.0,0.0,,1.0,0.0,14.0,0.0
Jude Bellingham,MF,England,19,2003,4.6,324.0,2.0,44.0,203.0,83.0,14.0,324.0,6.0,13.0,46.2,8.0,6.0,234.0,30.0
Jules Koundé,DF,France,24,1998,5.3,352.0,17.0,125.0,175.0,54.0,2.0,352.0,3.0,4.0,75.0,3.0,2.0,215.0,1.0
Julián Álvarez,FW,Argentina,22,2000,5.2,174.0,1.0,20.0,63.0,94.0,20.0,174.0,0.0,3.0,0.0,11.0,7.0,118.0,21.0
Jung Woo-young,MF,Korea Republic,33,1989,3.4,239.0,13.0,61.0,150.0,29.0,1.0,239.0,0.0,0.0,,2.0,2.0,168.0,1.0
Junior Hoilett,FW,Canada,32,1990,1.8,78.0,0.0,5.0,35.0,39.0,2.0,78.0,2.0,7.0,28.6,5.0,2.0,47.0,6.0
Junya Ito,MF,Japan,29,1993,3.6,134.0,6.0,42.0,49.0,46.0,4.0,134.0,2.0,8.0,25.0,6.0,3.0,68.0,8.0
Jurriën Timber,DF,Netherlands,21,2001,4.3,361.0,16.0,130.0,226.0,9.0,0.0,361.0,4.0,6.0,66.7,7.0,2.0,261.0,2.0
Kai Havertz,FW,Germany,23,1999,1.1,46.0,0.0,1.0,18.0,27.0,11.0,46.0,0.0,0.0,,4.0,0.0,36.0,7.0
Kalidou Koulibaly,DF,Senegal,31,1991,4.0,260.0,48.0,151.0,108.0,6.0,3.0,260.0,0.0,0.0,,1.0,1.0,140.0,0.0
Kalvin Phillips,MF,England,27,1995,0.5,20.0,1.0,8.0,12.0,0.0,0.0,20.0,0.0,0.0,,0.0,0.0,18.0,1.0
Kamal Miller,DF,Canada,25,1997,3.0,229.0,18.0,97.0,126.0,6.0,0.0,229.0,1.0,2.0,50.0,1.0,1.0,173.0,1.0
Kamaldeen Sulemana,FW,Ghana,20,2002,0.6,28.0,2.0,3.0,5.0,22.0,4.0,28.0,1.0,5.0,20.0,1.0,1.0,24.0,4.0
Kamil Glik,DF,Poland,34,1988,4.0,167.0,29.0,92.0,70.0,5.0,4.0,167.0,0.0,0.0,,0.0,0.0,105.0,0.0
Kamil Grosicki,MF,Poland,34,1988,0.0,6.0,0.0,0.0,2.0,4.0,1.0,6.0,1.0,1.0,100.0,0.0,0.0,6.0,0.0
Kaoru Mitoma,MF,Japan,25,1997,1.8,100.0,9.0,42.0,30.0,32.0,4.0,100.0,2.0,5.0,40.0,5.0,2.0,47.0,3.0
Karim Ansarifard,FW,IR Iran,32,1990,0.4,11.0,0.0,1.0,5.0,5.0,2.0,11.0,0.0,0.0,,2.0,1.0,6.0,1.0
Karim Boudiaf,MF,Qatar,32,1990,2.1,122.0,4.0,27.0,90.0,7.0,2.0,122.0,1.0,3.0,33.3,4.0,2.0,83.0,4.0
Karl Toko Ekambi,FW,Cameroon,30,1992,1.8,66.0,1.0,7.0,38.0,24.0,5.0,66.0,1.0,4.0,25.0,3.0,4.0,47.0,5.0
Karol Świderski,FW,Poland,25,1997,0.5,14.0,0.0,3.0,7.0,5.0,0.0,14.0,0.0,0.0,,3.0,0.0,6.0,0.0
Kasper Dolberg,FW,Denmark,25,1997,1.3,34.0,1.0,4.0,12.0,19.0,4.0,34.0,1.0,3.0,33.3,9.0,4.0,27.0,12.0
Kasper Schmeichel,GK,Denmark,36,1986,3.0,91.0,73.0,89.0,2.0,0.0,0.0,91.0,0.0,0.0,,0.0,0.0,42.0,0.0
Keanu Baccus,MF,Australia,24,1998,1.3,59.0,0.0,19.0,30.0,10.0,0.0,59.0,0.0,1.0,0.0,2.0,2.0,31.0,5.0
Kellyn Acosta,MF,United States,27,1995,0.5,16.0,0.0,3.0,8.0,5.0,0.0,16.0,0.0,0.0,,0.0,0.0,10.0,2.0
Kendall Waston,DF,Costa Rica,34,1988,2.5,107.0,30.0,75.0,28.0,4.0,3.0,107.0,0.0,0.0,,1.0,1.0,59.0,0.0
Kenneth Taylor,MF,Netherlands,20,2002,0.1,9.0,0.0,1.0,6.0,2.0,0.0,9.0,0.0,0.0,,0.0,0.0,8.0,1.0
Kevin De Bruyne,FW,Belgium,31,1991,3.0,163.0,0.0,17.0,74.0,76.0,3.0,163.0,4.0,8.0,50.0,7.0,4.0,112.0,19.0
Kevin Rodríguez,FW,Ecuador,22,2000,0.0,,,,,,,,,,,,,,
Kevin Álvarez,DF,Mexico,23,1999,0.8,38.0,1.0,10.0,12.0,16.0,2.0,38.0,1.0,3.0,33.3,0.0,1.0,16.0,2.0
Keylor Navas,GK,Costa Rica,36,1986,3.0,114.0,108.0,114.0,0.0,0.0,0.0,114.0,0.0,0.0,,0.0,0.0,33.0,0.0
Keysher Fuller,DF,Costa Rica,28,1994,2.8,92.0,11.0,38.0,36.0,19.0,4.0,92.0,1.0,2.0,50.0,4.0,1.0,47.0,5.0
Kieffer Moore,FW,Wales,30,1992,2.5,95.0,8.0,11.0,38.0,46.0,12.0,95.0,0.0,1.0,0.0,10.0,3.0,71.0,15.0
Kieran Trippier,DF,England,32,1990,2.3,205.0,5.0,53.0,111.0,45.0,1.0,205.0,1.0,1.0,100.0,1.0,1.0,133.0,4.0
Kim Jin-su,DF,Korea Republic,30,1992,3.5,175.0,9.0,50.0,60.0,68.0,10.0,175.0,0.0,2.0,0.0,4.0,0.0,97.0,8.0
Kim Min-jae,DF,Korea Republic,26,1996,3.0,213.0,29.0,91.0,102.0,21.0,3.0,213.0,1.0,1.0,100.0,1.0,0.0,153.0,1.0
Kim Moonhwan,DF,Korea Republic,27,1995,4.0,289.0,17.0,76.0,118.0,96.0,5.0,289.0,2.0,4.0,50.0,6.0,2.0,157.0,13.0
Kim Seung-gyu,GK,Korea Republic,32,1990,4.0,139.0,109.0,139.0,0.0,0.0,0.0,139.0,0.0,0.0,,0.0,0.0,60.0,0.0
Kim Young-gwon,DF,Korea Republic,32,1990,3.9,232.0,27.0,119.0,107.0,6.0,3.0,232.0,0.0,0.0,,0.0,0.0,172.0,0.0
Kingsley Coman,FW,France,26,1996,1.9,102.0,3.0,15.0,39.0,53.0,2.0,102.0,6.0,10.0,60.0,6.0,7.0,69.0,10.0
Ko Itakura,DF,Japan,25,1997,3.0,150.0,20.0,63.0,80.0,9.0,5.0,150.0,0.0,2.0,0.0,4.0,1.0,91.0,1.0
Koke,MF,Spain,30,1992,0.6,68.0,0.0,5.0,54.0,9.0,0.0,68.0,0.0,0.0,,1.0,0.0,60.0,1.0
Kristijan Jakić,FW,Croatia,25,1997,0.0,0.0,0.0,0.0,0.0,0.0,0.0,0.0,0.0,0.0,,0.0,0.0,0.0,0.0
Krystian Bielik,MF,Poland,24,1998,2.4,129.0,13.0,45.0,75.0,10.0,2.0,129.0,1.0,3.0,33.3,1.0,3.0,77.0,0.0
Krzysztof Piątek,FW,Poland,27,1995,0.3,9.0,0.0,1.0,6.0,2.0,1.0,9.0,0.0,0.0,,1.0,1.0,7.0,0.0
Krépin Diatta,FW,Senegal,23,1999,2.0,88.0,0.0,5.0,34.0,51.0,2.0,88.0,1.0,3.0,33.3,7.0,7.0,76.0,4.0
Kudus Mohammed,FW,Ghana,22,2000,2.7,118.0,0.0,19.0,45.0,59.0,6.0,118.0,10.0,15.0,66.7,4.0,6.0,76.0,13.0
Kwon Chang-hoon,FW,Korea Republic,28,1994,0.6,28.0,0.0,1.0,14.0,13.0,3.0,28.0,0.0,0.0,,1.0,1.0,22.0,3.0
Kwon Kyung-won,DF,Korea Republic,30,1992,1.0,53.0,11.0,30.0,21.0,2.0,0.0,53.0,0.0,0.0,,0.0,0.0,36.0,0.0
Kye Rowles,DF,Australia,24,1998,4.0,231.0,43.0,170.0,59.0,2.0,0.0,231.0,0.0,0.0,,1.0,0.0,147.0,0.0
Kyle Walker,DF,England,32,1990,2.6,198.0,3.0,54.0,120.0,27.0,0.0,198.0,2.0,3.0,66.7,1.0,0.0,129.0,1.0
Kylian Mbappé,FW,France,23,1998,6.6,325.0,0.0,8.0,98.0,225.0,61.0,323.0,25.0,52.0,48.1,21.0,10.0,262.0,58.0
Lautaro Martínez,FW,Argentina,25,1997,2.7,96.0,1.0,7.0,43.0,46.0,17.0,96.0,2.0,5.0,40.0,9.0,6.0,74.0,21.0
Lawrence Ati-Zigi,GK,Ghana,26,1996,3.0,87.0,79.0,87.0,0.0,0.0,0.0,87.0,0.0,0.0,,0.0,0.0,23.0,0.0
Leander Dendoncker,DF,Belgium,27,1995,1.8,142.0,17.0,69.0,66.0,8.0,3.0,142.0,0.0,1.0,0.0,1.0,1.0,111.0,1.0
Leandro Paredes,MF,Argentina,28,1994,2.5,269.0,6.0,48.0,199.0,23.0,0.0,269.0,0.0,1.0,0.0,1.0,0.0,204.0,1.0
Leandro Trossard,FW,Belgium,28,1994,1.1,66.0,1.0,6.0,34.0,27.0,3.0,66.0,0.0,4.0,0.0,2.0,1.0,51.0,8.0
Lee Jae-sung,MF,Korea Republic,30,1992,2.3,116.0,3.0,18.0,59.0,40.0,1.0,116.0,2.0,3.0,66.7,2.0,0.0,83.0,9.0
Lee Kangin,MF,Korea Republic,21,2001,1.6,91.0,0.0,7.0,43.0,42.0,2.0,91.0,1.0,2.0,50.0,2.0,3.0,60.0,4.0
Leon Goretzka,MF,Germany,27,1995,1.8,72.0,4.0,14.0,33.0,25.0,4.0,72.0,0.0,0.0,,2.0,2.0,43.0,2.0
Leroy Sané,FW,Germany,26,1996,1.2,68.0,1.0,3.0,23.0,43.0,7.0,68.0,3.0,6.0,50.0,0.0,3.0,61.0,9.0
Liam Millar,DF,Canada,23,1999,0.1,9.0,0.0,0.0,3.0,6.0,1.0,9.0,0.0,0.0,,0.0,0.0,5.0,0.0
Lionel Messi,FW,Argentina,35,1987,7.7,460.0,1.0,21.0,208.0,239.0,38.0,455.0,15.0,34.0,44.1,13.0,24.0,378.0,33.0
Lisandro Martínez,DF,Argentina,24,1998,3.4,188.0,17.0,83.0,94.0,12.0,1.0,188.0,0.0,1.0,0.0,1.0,0.0,123.0,0.0
Lovro Majer,MF,Croatia,24,1998,1.4,122.0,4.0,20.0,58.0,45.0,4.0,122.0,0.0,2.0,0.0,5.0,6.0,96.0,11.0
Loïs Openda,FW,Belgium,22,2000,0.1,9.0,0.0,0.0,6.0,3.0,0.0,9.0,1.0,1.0,100.0,2.0,0.0,4.0,1.0
Lucas Cavallini,FW,Canada,29,1992,0.2,3.0,0.0,0.0,2.0,1.0,0.0,3.0,0.0,0.0,,0.0,0.0,3.0,0.0
Lucas Hernández,DF,France,26,1996,0.1,10.0,0.0,1.0,8.0,1.0,0.0,10.0,0.0,0.0,,0.0,0.0,6.0,1.0
Lucas Paquetá,MF,Brazil,25,1997,3.5,229.0,3.0,31.0,131.0,68.0,6.0,229.0,0.0,2.0,0.0,5.0,4.0,175.0,17.0
Luis Chávez,MF,Mexico,26,1996,3.0,171.0,3.0,21.0,97.0,54.0,1.0,171.0,2.0,6.0,33.3,1.0,2.0,105.0,2.0
Luis Suárez,FW,Uruguay,35,1987,1.6,52.0,2.0,5.0,21.0,26.0,7.0,52.0,2.0,3.0,66.7,2.0,0.0,40.0,5.0
Luka Jović,FW,Serbia,24,1997,0.4,14.0,0.0,1.0,2.0,12.0,4.0,14.0,0.0,0.0,,0.0,1.0,12.0,4.0
Luka Modrić,MF,Croatia,37,1985,7.3,615.0,8.0,90.0,395.0,141.0,11.0,615.0,6.0,16.0,37.5,12.0,7.0,447.0,16.0
Lukas Klostermann,DF,Germany,26,1996,0.7,56.0,1.0,17.0,28.0,12.0,0.0,56.0,0.0,0.0,,0.0,0.0,35.0,1.0
Luke Shaw,DF,England,27,1995,4.7,419.0,6.0,67.0,248.0,107.0,8.0,419.0,2.0,2.0,100.0,5.0,2.0,306.0,13.0
Luuk de Jong,FW,Netherlands,32,1990,0.6,19.0,1.0,1.0,10.0,8.0,2.0,19.0,0.0,1.0,0.0,0.0,2.0,14.0,4.0
Majid Hosseini,DF,IR Iran,26,1996,3.0,137.0,25.0,91.0,47.0,0.0,0.0,137.0,0.0,0.0,,1.0,1.0,61.0,0.0
Manuel Akanji,DF,Switzerland,27,1995,4.0,287.0,41.0,143.0,135.0,10.0,5.0,287.0,0.0,0.0,,0.0,1.0,214.0,1.0
Manuel Neuer,GK,Germany,36,1986,3.0,133.0,103.0,132.0,1.0,0.0,0.0,133.0,0.0,0.0,,0.0,0.0,88.0,0.0
Marcelo Brozović,MF,Croatia,30,1992,6.1,594.0,24.0,138.0,384.0,77.0,3.0,594.0,3.0,8.0,37.5,5.0,8.0,449.0,17.0
Marco Asensio,FW,Spain,26,1996,2.5,150.0,1.0,4.0,56.0,90.0,13.0,150.0,0.0,3.0,0.0,12.0,3.0,128.0,19.0
Marcos Acuña,DF,Argentina,31,1991,4.1,269.0,5.0,70.0,102.0,100.0,10.0,269.0,2.0,8.0,25.0,7.0,4.0,164.0,15.0
Marcos Llorente,DF,Spain,27,1995,1.3,107.0,0.0,11.0,70.0,29.0,1.0,107.0,0.0,0.0,,1.0,0.0,76.0,3.0
Marcus Rashford,FW,England,25,1997,1.6,92.0,1.0,6.0,43.0,44.0,13.0,92.0,5.0,9.0,55.6,4.0,1.0,71.0,16.0
Marcus Thuram,FW,France,25,1997,1.7,74.0,3.0,11.0,35.0,29.0,4.0,74.0,6.0,12.0,50.0,5.0,4.0,48.0,5.0
Mario Götze,MF,Germany,30,1992,0.4,31.0,0.0,4.0,7.0,20.0,6.0,31.0,0.0,2.0,0.0,2.0,0.0,18.0,5.0
Mario Pašalić,FW,Croatia,27,1995,3.0,132.0,8.0,30.0,79.0,26.0,6.0,132.0,0.0,4.0,0.0,6.0,3.0,80.0,12.0
Mark-Anthony Kaye,MF,Canada,28,1994,0.7,68.0,0.0,10.0,49.0,9.0,0.0,68.0,0.0,0.0,,0.0,0.0,57.0,2.0
Marko Grujić,MF,Serbia,26,1996,0.1,20.0,2.0,4.0,11.0,5.0,0.0,20.0,0.0,1.0,0.0,0.0,0.0,14.0,1.0
Marko Livaja,FW,Croatia,29,1993,2.7,83.0,1.0,5.0,38.0,42.0,18.0,83.0,0.0,2.0,0.0,7.0,2.0,64.0,21.0
Marquinhos,DF,Brazil,28,1994,4.7,392.0,30.0,137.0,238.0,18.0,6.0,392.0,1.0,1.0,100.0,2.0,0.0,310.0,2.0
Marten de Roon,MF,Netherlands,31,1991,2.0,142.0,6.0,32.0,98.0,12.0,0.0,142.0,0.0,0.0,,1.0,0.0,97.0,0.0
Martin Braithwaite,FW,Denmark,31,1991,1.1,24.0,0.0,1.0,10.0,13.0,3.0,24.0,1.0,2.0,50.0,2.0,1.0,19.0,4.0
Martin Hongla,MF,Cameroon,24,1998,1.3,73.0,4.0,17.0,45.0,12.0,1.0,73.0,2.0,3.0,66.7,0.0,0.0,53.0,3.0
Martinelli,FW,Brazil,21,2001,1.3,70.0,0.0,9.0,20.0,42.0,14.0,70.0,3.0,10.0,30.0,4.0,2.0,52.0,14.0
Martín Cáceres,DF,Uruguay,35,1987,1.0,83.0,3.0,21.0,49.0,13.0,0.0,83.0,1.0,1.0,100.0,1.0,0.0,60.0,1.0
Mason Mount,MF,England,23,1999,2.1,91.0,0.0,5.0,48.0,39.0,2.0,91.0,2.0,3.0,66.7,6.0,2.0,71.0,12.0
Mateo Kovačić,MF,Croatia,28,1994,7.1,521.0,5.0,81.0,345.0,105.0,13.0,521.0,11.0,20.0,55.0,10.0,7.0,402.0,16.0
Matheus Nunes,MF,Portugal,24,1998,0.8,39.0,0.0,6.0,13.0,21.0,3.0,39.0,1.0,2.0,50.0,4.0,1.0,34.0,2.0
Mathew Leckie,MF,Australia,31,1991,3.7,157.0,8.0,16.0,85.0,57.0,8.0,157.0,1.0,11.0,9.1,15.0,7.0,110.0,14.0
Mathew Ryan,GK,Australia,30,1992,4.0,176.0,143.0,175.0,1.0,0.0,0.0,176.0,0.0,0.0,,0.0,0.0,78.0,0.0
Mathias Jensen,MF,Denmark,26,1996,0.9,76.0,0.0,9.0,47.0,20.0,3.0,76.0,1.0,1.0,100.0,2.0,0.0,60.0,6.0
Mathías Olivera,DF,Uruguay,25,1997,2.8,178.0,12.0,64.0,62.0,52.0,3.0,178.0,0.0,3.0,0.0,7.0,2.0,74.0,7.0
Matt Turner,GK,United States,28,1994,4.0,137.0,112.0,137.0,0.0,0.0,0.0,137.0,0.0,0.0,,0.0,0.0,69.0,0.0
Matthias Ginter,DF,Germany,28,1994,0.0,3.0,0.0,2.0,1.0,0.0,0.0,3.0,0.0,0.0,,0.0,0.0,3.0,0.0
Matthijs de Ligt,DF,Netherlands,23,1999,1.0,49.0,2.0,20.0,27.0,2.0,1.0,49.0,0.0,0.0,,0.0,1.0,35.0,1.0
Matty Cash,DF,Poland,25,1997,4.0,197.0,20.0,58.0,95.0,45.0,1.0,197.0,1.0,4.0,25.0,3.0,2.0,111.0,3.0
Mattéo Guendouzi,FW,France,23,1999,0.9,36.0,1.0,5.0,22.0,10.0,1.0,36.0,0.0,0.0,,0.0,1.0,24.0,2.0
Matías Vecino,MF,Uruguay,31,1991,2.2,130.0,5.0,41.0,73.0,17.0,2.0,130.0,0.0,0.0,,3.0,1.0,81.0,2.0
Matías Viña,DF,Uruguay,25,1997,0.2,26.0,0.0,8.0,12.0,6.0,0.0,26.0,1.0,1.0,100.0,0.0,1.0,13.0,5.0
Maxi Gómez,FW,Uruguay,26,1996,0.3,9.0,0.0,0.0,2.0,7.0,0.0,9.0,0.0,0.0,,0.0,0.0,8.0,1.0
Maya Yoshida,DF,Japan,34,1988,4.3,277.0,46.0,129.0,147.0,2.0,1.0,277.0,1.0,2.0,50.0,1.0,1.0,184.0,0.0
Mehdi Taremi,FW,IR Iran,30,1992,3.0,123.0,4.0,19.0,63.0,47.0,15.0,122.0,1.0,9.0,11.1,7.0,5.0,79.0,16.0
Mehdi Torabi,MF,IR Iran,28,1994,0.7,48.0,4.0,8.0,29.0,12.0,2.0,48.0,1.0,2.0,50.0,2.0,0.0,30.0,1.0
Memphis,FW,Netherlands,28,1994,3.3,165.0,0.0,6.0,82.0,79.0,16.0,165.0,2.0,11.0,18.2,10.0,7.0,138.0,34.0
Meshaal Barsham,GK,Qatar,24,1998,2.0,69.0,61.0,69.0,0.0,0.0,0.0,69.0,0.0,0.0,,0.0,0.0,29.0,0.0
Michael Estrada,FW,Ecuador,26,1996,2.5,71.0,1.0,2.0,46.0,23.0,7.0,71.0,2.0,3.0,66.7,6.0,2.0,59.0,9.0
Michał Skóraś,MF,Poland,22,2000,0.5,12.0,1.0,1.0,8.0,3.0,0.0,12.0,0.0,1.0,0.0,0.0,0.0,9.0,3.0
Michel Aebischer,MF,Switzerland,25,1997,0.2,4.0,0.0,0.0,2.0,2.0,0.0,4.0,0.0,0.0,,0.0,0.0,4.0,1.0
Michy Batshuayi,FW,Belgium,29,1993,1.7,42.0,0.0,0.0,24.0,18.0,6.0,42.0,1.0,3.0,33.3,5.0,4.0,34.0,10.0
Miki Yamane,DF,Japan,28,1993,0.7,36.0,0.0,3.0,21.0,13.0,1.0,36.0,1.0,1.0,100.0,0.0,0.0,13.0,1.0
Mikkel Damsgaard,MF,Denmark,22,2000,1.7,91.0,1.0,11.0,54.0,26.0,2.0,91.0,0.0,2.0,0.0,2.0,2.0,62.0,9.0
Milad Mohammadi,DF,IR Iran,29,1993,2.2,90.0,8.0,41.0,36.0,15.0,0.0,90.0,0.0,1.0,0.0,1.0,2.0,33.0,0.0
Milan Borjan,GK,Canada,35,1987,3.0,105.0,82.0,103.0,1.0,1.0,0.0,105.0,0.0,0.0,,1.0,0.0,42.0,0.0
Miloš Degenek,DF,Australia,28,1994,2.0,123.0,15.0,67.0,44.0,15.0,0.0,123.0,0.0,2.0,0.0,1.0,1.0,57.0,1.0
Miloš Veljković,DF,Serbia,27,1995,2.5,127.0,22.0,78.0,50.0,1.0,0.0,127.0,0.0,0.0,,0.0,0.0,91.0,0.0
Mislav Oršić,FW,Croatia,29,1992,1.8,81.0,3.0,9.0,29.0,44.0,8.0,81.0,1.0,3.0,33.3,7.0,0.0,60.0,12.0
Mitchell Duke,FW,Australia,31,1991,3.0,96.0,0.0,11.0,47.0,40.0,11.0,96.0,1.0,2.0,50.0,11.0,1.0,61.0,5.0
Mohamed Ali Ben Romdhane,MF,Tunisia,23,1999,0.8,31.0,1.0,5.0,18.0,10.0,3.0,31.0,1.0,3.0,33.3,0.0,5.0,15.0,3.0
Mohamed Dräger,DF,Tunisia,26,1996,1.5,70.0,4.0,25.0,27.0,20.0,3.0,70.0,1.0,2.0,50.0,5.0,0.0,33.0,3.0
Mohamed Kanno,MF,Saudi Arabia,28,1994,3.0,184.0,10.0,31.0,109.0,48.0,6.0,184.0,5.0,10.0,50.0,6.0,1.0,117.0,7.0
Mohammed Al-Breik,DF,Saudi Arabia,30,1992,0.7,57.0,3.0,15.0,22.0,20.0,2.0,57.0,0.0,0.0,,1.0,0.0,38.0,2.0
Mohammed Al-Owais,GK,Saudi Arabia,31,1991,3.0,113.0,87.0,111.0,3.0,0.0,0.0,113.0,0.0,0.0,,0.0,0.0,25.0,0.0
Mohammed Muntari,FW,Qatar,28,1993,0.7,28.0,2.0,5.0,18.0,5.0,3.0,28.0,0.0,0.0,,1.0,0.0,22.0,0.0
Mohammed Salisu,DF,Ghana,23,1999,3.0,184.0,27.0,102.0,72.0,11.0,6.0,184.0,0.0,0.0,,1.0,1.0,114.0,1.0
Mohammed Waad,MF,Qatar,23,1999,0.3,16.0,0.0,5.0,8.0,3.0,0.0,16.0,1.0,1.0,100.0,1.0,0.0,12.0,0.0
Moisés Caicedo,MF,Ecuador,21,2001,3.0,173.0,4.0,29.0,121.0,23.0,3.0,173.0,0.0,0.0,,3.0,1.0,117.0,1.0
Montassar Talbi,DF,Tunisia,24,1998,3.0,177.0,24.0,97.0,77.0,3.0,1.0,177.0,0.0,1.0,0.0,1.0,1.0,96.0,0.0
Morteza Pouraliganji,DF,IR Iran,30,1992,3.0,156.0,19.0,86.0,60.0,10.0,4.0,156.0,0.0,0.0,,1.0,0.0,84.0,3.0
Moumi Ngamaleu,FW,Cameroon,28,1994,1.1,34.0,0.0,6.0,12.0,18.0,5.0,34.0,2.0,4.0,50.0,2.0,3.0,26.0,9.0
Munir,GK,Morocco,33,1989,1.0,31.0,29.0,31.0,0.0,0.0,0.0,31.0,0.0,0.0,,0.0,0.0,8.0,0.0
Musab Kheder,DF,Qatar,29,1993,0.1,5.0,0.0,2.0,2.0,1.0,0.0,5.0,0.0,0.0,,1.0,0.0,3.0,1.0
Na Sang-ho,FW,Korea Republic,26,1996,1.3,60.0,1.0,4.0,15.0,41.0,4.0,60.0,0.0,4.0,0.0,4.0,4.0,40.0,8.0
Nader Ghandri,DF,Tunisia,27,1995,1.0,45.0,10.0,33.0,12.0,0.0,0.0,45.0,0.0,0.0,,0.0,0.0,22.0,0.0
Nahuel Molina,DF,Argentina,24,1998,6.3,398.0,13.0,116.0,192.0,93.0,6.0,398.0,1.0,2.0,50.0,6.0,3.0,251.0,18.0
Nampalys Mendy,MF,Senegal,30,1992,3.0,182.0,5.0,42.0,111.0,31.0,1.0,182.0,1.0,1.0,100.0,4.0,0.0,122.0,2.0
Nasser Al-Dawsari,FW,Saudi Arabia,23,1998,0.1,13.0,1.0,3.0,6.0,4.0,0.0,13.0,0.0,0.0,,0.0,1.0,10.0,1.0
Nathan Aké,DF,Netherlands,27,1995,5.3,393.0,29.0,166.0,211.0,16.0,1.0,393.0,0.0,2.0,0.0,1.0,0.0,289.0,2.0
Nathaniel Atkinson,DF,Australia,23,1999,0.9,43.0,4.0,15.0,21.0,7.0,0.0,43.0,0.0,2.0,0.0,0.0,3.0,18.0,2.0
Nawaf Al Abed,MF,Saudi Arabia,32,1990,1.0,51.0,0.0,1.0,23.0,28.0,4.0,51.0,1.0,2.0,50.0,6.0,5.0,41.0,6.0
Nayef Aguerd,DF,Morocco,26,1996,3.9,185.0,41.0,132.0,53.0,1.0,1.0,185.0,0.0,0.0,,1.0,0.0,118.0,0.0
Naïm Sliti,MF,Tunisia,30,1992,1.3,67.0,0.0,5.0,26.0,37.0,4.0,67.0,5.0,8.0,62.5,4.0,1.0,39.0,4.0
Neco Williams,DF,Wales,21,2001,2.3,138.0,4.0,35.0,66.0,40.0,5.0,138.0,1.0,7.0,14.3,6.0,2.0,60.0,3.0
Nemanja Gudelj,MF,Serbia,31,1991,1.0,59.0,2.0,22.0,32.0,5.0,0.0,59.0,0.0,0.0,,2.0,2.0,42.0,1.0
Nemanja Maksimović,MF,Serbia,27,1995,1.4,75.0,3.0,17.0,46.0,12.0,1.0,75.0,0.0,0.0,,2.0,1.0,41.0,2.0
Nemanja Radonjić,DF,Serbia,26,1996,0.7,36.0,1.0,9.0,8.0,19.0,1.0,36.0,0.0,5.0,0.0,2.0,1.0,21.0,1.0
Neymar,MF,Brazil,30,1992,3.1,203.0,0.0,11.0,101.0,94.0,15.0,202.0,6.0,23.0,26.1,8.0,12.0,167.0,21.0
Niclas Füllkrug,FW,Germany,29,1993,0.8,38.0,0.0,0.0,14.0,24.0,13.0,38.0,1.0,1.0,100.0,2.0,0.0,27.0,13.0
Nico Elvedi,DF,Switzerland,26,1996,2.0,165.0,26.0,93.0,69.0,3.0,1.0,165.0,0.0,0.0,,1.0,0.0,114.0,0.0
Nico Schlotterbeck,DF,Germany,23,1999,1.0,135.0,8.0,46.0,80.0,10.0,0.0,135.0,0.0,2.0,0.0,1.0,1.0,101.0,2.0
Nico Williams,FW,Spain,20,2002,1.6,88.0,0.0,5.0,38.0,47.0,4.0,88.0,5.0,16.0,31.3,9.0,2.0,69.0,10.0
Nicola Zalewski,MF,Poland,20,2002,0.7,29.0,1.0,8.0,11.0,12.0,0.0,29.0,0.0,2.0,0.0,3.0,1.0,18.0,2.0
Nicolas Jackson,FW,Senegal,21,2001,0.2,11.0,0.0,5.0,2.0,4.0,1.0,11.0,0.0,0.0,,1.0,0.0,9.0,2.0
Nicolas Nkoulou,DF,Cameroon,32,1990,2.0,115.0,19.0,79.0,33.0,5.0,3.0,115.0,0.0,0.0,,1.0,0.0,79.0,1.0
Nicolás De La Cruz,MF,Uruguay,25,1997,0.4,28.0,0.0,2.0,15.0,12.0,2.0,28.0,0.0,1.0,0.0,1.0,1.0,23.0,1.0
Nicolás Otamendi,DF,Argentina,34,1988,7.7,639.0,52.0,297.0,334.0,9.0,3.0,639.0,0.0,0.0,,2.0,1.0,474.0,2.0
Nicolás Tagliafico,DF,Argentina,30,1992,4.1,220.0,12.0,53.0,109.0,62.0,9.0,220.0,0.0,2.0,0.0,1.0,1.0,124.0,12.0
Niklas Süle,DF,Germany,27,1995,3.0,268.0,15.0,89.0,157.0,24.0,2.0,268.0,0.0,0.0,,0.0,1.0,204.0,1.0
Nikola Milenković,DF,Serbia,25,1997,3.0,198.0,22.0,85.0,104.0,10.0,2.0,198.0,0.0,0.0,,2.0,0.0,118.0,0.0
Nikola Vlašić,FW,Croatia,25,1997,2.3,80.0,1.0,10.0,35.0,38.0,8.0,80.0,3.0,9.0,33.3,5.0,6.0,62.0,11.0
Noa Lang,MF,Netherlands,23,1999,0.1,5.0,1.0,3.0,1.0,1.0,0.0,5.0,0.0,0.0,,0.0,0.0,1.0,0.0
Noah Okafor,FW,Switzerland,22,2000,0.5,29.0,0.0,1.0,17.0,11.0,1.0,29.0,0.0,3.0,0.0,2.0,1.0,23.0,6.0
Nouhou Tolo,DF,Cameroon,25,1997,3.0,145.0,17.0,58.0,58.0,31.0,2.0,145.0,1.0,5.0,20.0,4.0,0.0,66.0,1.0
Noussair Mazraoui,DF,Morocco,25,1997,4.1,175.0,15.0,79.0,69.0,29.0,1.0,175.0,1.0,5.0,20.0,6.0,1.0,79.0,5.0
Nuno Mendes,DF,Portugal,20,2002,0.5,36.0,0.0,6.0,18.0,13.0,0.0,36.0,1.0,2.0,50.0,1.0,0.0,27.0,0.0
Néstor Araujo,DF,Mexico,31,1991,1.0,62.0,1.0,16.0,40.0,6.0,0.0,62.0,0.0,0.0,,0.0,1.0,37.0,0.0
Olivier Giroud,FW,France,36,1986,4.7,111.0,5.0,10.0,58.0,43.0,21.0,111.0,0.0,0.0,,5.0,1.0,80.0,12.0
Olivier Ntcham,MF,Cameroon,26,1996,0.3,14.0,1.0,3.0,7.0,4.0,0.0,14.0,2.0,2.0,100.0,0.0,0.0,10.0,0.0
Orbelín Pineda,MF,Mexico,26,1996,0.8,46.0,1.0,5.0,21.0,21.0,4.0,46.0,0.0,2.0,0.0,3.0,3.0,31.0,1.0
Osman Bukari,MF,Ghana,24,1998,0.7,29.0,0.0,1.0,10.0,18.0,4.0,29.0,0.0,2.0,0.0,1.0,1.0,17.0,6.0
Otávio,MF,Portugal,27,1995,2.2,145.0,0.0,16.0,88.0,41.0,1.0,145.0,0.0,0.0,,4.0,3.0,110.0,9.0
Ousmane Dembélé,FW,France,25,1997,4.8,241.0,2.0,24.0,81.0,142.0,16.0,241.0,9.0,23.0,39.1,8.0,6.0,179.0,17.0
Pablo Sarabia,FW,Spain,30,1992,0.0,6.0,0.0,0.0,0.0,6.0,1.0,6.0,0.0,0.0,,0.0,0.0,3.0,0.0
Paik Seung-ho,MF,Korea Republic,25,1997,0.3,30.0,1.0,4.0,18.0,8.0,1.0,30.0,0.0,0.0,,0.0,0.0,19.0,0.0
Pape Abou Cissé,DF,Senegal,27,1995,1.2,49.0,10.0,35.0,12.0,2.0,2.0,49.0,1.0,1.0,100.0,0.0,0.0,32.0,0.0
Pape Gueye,MF,Senegal,23,1999,1.7,81.0,2.0,17.0,46.0,19.0,3.0,81.0,0.0,1.0,0.0,3.0,3.0,42.0,3.0
Pape Matar Sarr,MF,Senegal,20,2002,0.7,54.0,3.0,11.0,28.0,15.0,0.0,54.0,0.0,2.0,0.0,0.0,2.0,36.0,1.0
Papu Gómez,MF,Argentina,34,1988,1.2,69.0,0.0,8.0,39.0,23.0,1.0,69.0,1.0,2.0,50.0,1.0,1.0,58.0,5.0
Pathé Ciss,MF,Senegal,28,1994,1.6,74.0,6.0,20.0,49.0,9.0,1.0,74.0,1.0,3.0,33.3,4.0,1.0,40.0,0.0
Pau Torres,DF,Spain,25,1997,1.0,194.0,6.0,30.0,162.0,2.0,0.0,194.0,0.0,0.0,,0.0,0.0,175.0,0.0
Paulo Dybala,FW,Argentina,29,1993,0.2,20.0,1.0,1.0,12.0,7.0,1.0,20.0,1.0,2.0,50.0,0.0,1.0,13.0,2.0
Pedri,MF,Spain,20,2002,4.0,462.0,3.0,35.0,324.0,107.0,2.0,462.0,6.0,11.0,54.5,4.0,5.0,395.0,9.0
Pedro,FW,Brazil,25,1997,0.7,25.0,0.0,3.0,10.0,12.0,5.0,25.0,0.0,0.0,,3.0,1.0,19.0,5.0
Pepe,DF,Portugal,39,1983,4.0,330.0,23.0,145.0,177.0,10.0,4.0,330.0,1.0,1.0,100.0,1.0,1.0,240.0,0.0
Pervis Estupiñán,DF,Ecuador,24,1998,3.0,217.0,7.0,44.0,122.0,54.0,5.0,217.0,2.0,8.0,25.0,4.0,4.0,124.0,8.0
Phil Foden,FW,England,22,2000,2.9,143.0,1.0,8.0,55.0,81.0,8.0,143.0,3.0,6.0,50.0,7.0,1.0,109.0,24.0
Piero Hincapié,DF,Ecuador,20,2002,3.0,227.0,11.0,123.0,100.0,4.0,0.0,227.0,0.0,0.0,,4.0,0.0,167.0,0.0
Pierre Højbjerg,MF,Denmark,27,1995,3.0,249.0,13.0,56.0,175.0,20.0,0.0,249.0,1.0,2.0,50.0,3.0,2.0,180.0,4.0
Pierre Kunde,MF,Cameroon,27,1995,1.5,70.0,6.0,19.0,43.0,10.0,2.0,70.0,0.0,1.0,0.0,2.0,3.0,33.0,1.0
Piotr Zieliński,MF,Poland,28,1994,3.6,178.0,7.0,23.0,115.0,43.0,3.0,178.0,1.0,4.0,25.0,2.0,1.0,113.0,4.0
Przemysław Frankowski,MF,Poland,27,1995,2.7,97.0,6.0,22.0,42.0,34.0,1.0,97.0,2.0,4.0,50.0,3.0,3.0,56.0,4.0
Rafael Leão,FW,Portugal,23,1999,1.0,63.0,1.0,7.0,20.0,36.0,6.0,63.0,6.0,9.0,66.7,5.0,2.0,49.0,12.0
Raheem Sterling,FW,England,28,1994,1.7,68.0,2.0,5.0,37.0,28.0,6.0,68.0,2.0,3.0,66.7,6.0,3.0,56.0,12.0
Ramin Rezaeian,DF,IR Iran,32,1990,2.0,130.0,8.0,49.0,47.0,36.0,3.0,130.0,1.0,1.0,100.0,7.0,3.0,67.0,5.0
Randal Kolo Muani,FW,France,24,1998,2.0,76.0,1.0,5.0,28.0,44.0,10.0,76.0,3.0,8.0,37.5,8.0,6.0,48.0,9.0
Raphaël Guerreiro,DF,Portugal,28,1993,3.1,207.0,2.0,45.0,92.0,71.0,6.0,207.0,2.0,2.0,100.0,1.0,1.0,138.0,14.0
Raphaël Varane,DF,France,29,1993,5.8,322.0,34.0,141.0,175.0,7.0,3.0,322.0,1.0,1.0,100.0,0.0,0.0,237.0,0.0
Raphinha,FW,Brazil,26,1996,3.5,189.0,2.0,18.0,68.0,104.0,20.0,189.0,4.0,15.0,26.7,6.0,4.0,136.0,18.0
Rasmus Nissen,DF,Denmark,25,1997,2.5,204.0,7.0,34.0,97.0,74.0,4.0,204.0,1.0,5.0,20.0,3.0,3.0,131.0,13.0
Raúl Jiménez,FW,Mexico,31,1991,0.7,37.0,1.0,3.0,16.0,18.0,3.0,37.0,0.0,0.0,,2.0,0.0,24.0,4.0
Remo Freuler,MF,Switzerland,30,1992,3.6,197.0,6.0,48.0,109.0,41.0,4.0,197.0,0.0,4.0,0.0,12.0,0.0,124.0,5.0
Renato Steffen,FW,Switzerland,31,1991,0.4,19.0,2.0,8.0,7.0,4.0,0.0,19.0,0.0,0.0,,1.0,2.0,8.0,0.0
Ricardo Horta,FW,Portugal,28,1994,1.3,55.0,1.0,8.0,17.0,30.0,6.0,55.0,0.0,0.0,,2.0,0.0,37.0,7.0
Ricardo Rodríguez,DF,Switzerland,30,1992,4.0,247.0,12.0,89.0,120.0,40.0,2.0,247.0,0.0,0.0,,2.0,3.0,158.0,6.0
Richarlison,FW,Brazil,25,1997,3.6,97.0,4.0,12.0,29.0,58.0,19.0,97.0,0.0,5.0,0.0,12.0,3.0,59.0,18.0
Richie Laryea,DF,Canada,27,1995,1.8,73.0,8.0,22.0,25.0,28.0,10.0,73.0,2.0,6.0,33.3,4.0,1.0,42.0,7.0
Riley McGree,FW,Australia,24,1998,2.9,107.0,2.0,16.0,53.0,39.0,4.0,107.0,0.0,1.0,0.0,8.0,2.0,62.0,9.0
Ritsu Doan,FW,Japan,24,1998,2.4,95.0,3.0,15.0,37.0,43.0,6.0,95.0,4.0,8.0,50.0,7.0,3.0,50.0,4.0
Riyadh Sharahili,MF,Saudi Arabia,29,1993,0.6,28.0,6.0,11.0,16.0,2.0,0.0,28.0,1.0,2.0,50.0,1.0,1.0,10.0,0.0
Roan Wilson,MF,Costa Rica,20,2002,0.0,8.0,1.0,3.0,5.0,0.0,0.0,8.0,0.0,0.0,,0.0,0.0,5.0,1.0
Robert Lewandowski,FW,Poland,34,1988,4.0,153.0,9.0,13.0,73.0,69.0,19.0,151.0,5.0,12.0,41.7,16.0,6.0,113.0,14.0
Robert Skov,DF,Denmark,26,1996,0.2,24.0,0.0,3.0,6.0,15.0,1.0,24.0,0.0,1.0,0.0,0.0,0.0,17.0,3.0
Roberto Alvarado,FW,Mexico,24,1998,0.2,12.0,0.0,0.0,5.0,7.0,0.0,12.0,0.0,1.0,0.0,0.0,0.0,10.0,1.0
Rodri,DF,Spain,26,1996,4.3,710.0,28.0,157.0,518.0,35.0,3.0,710.0,0.0,0.0,,0.0,0.0,598.0,2.0
Rodrigo Bentancur,MF,Uruguay,25,1997,2.4,197.0,7.0,54.0,125.0,25.0,2.0,197.0,3.0,6.0,50.0,6.0,3.0,118.0,0.0
Rodrigo De Paul,MF,Argentina,28,1994,6.7,625.0,4.0,80.0,371.0,179.0,12.0,625.0,1.0,9.0,11.1,9.0,7.0,481.0,15.0
Rodrygo,MF,Brazil,21,2001,2.0,152.0,3.0,10.0,63.0,80.0,15.0,152.0,2.0,9.0,22.2,9.0,3.0,106.0,14.0
Rogelio Funes Mori,FW,Mexico,31,1991,0.1,2.0,0.0,0.0,1.0,1.0,0.0,2.0,0.0,0.0,,0.0,0.0,3.0,0.0
Romain Saïss,DF,Morocco,32,1990,5.2,248.0,51.0,164.0,84.0,3.0,1.0,248.0,1.0,2.0,50.0,0.0,0.0,138.0,0.0
Romario Ibarra,MF,Ecuador,28,1994,0.8,23.0,1.0,4.0,13.0,7.0,2.0,23.0,1.0,1.0,100.0,3.0,1.0,14.0,4.0
Romelu Lukaku,FW,Belgium,29,1993,0.6,16.0,1.0,2.0,5.0,9.0,6.0,16.0,1.0,1.0,100.0,1.0,1.0,12.0,6.0
Roozbeh Cheshmi,DF,IR Iran,29,1993,0.6,19.0,4.0,13.0,5.0,1.0,0.0,19.0,0.0,0.0,,1.0,0.0,4.0,0.0
Ruben Vargas,FW,Switzerland,24,1998,3.2,140.0,4.0,17.0,46.0,79.0,9.0,140.0,1.0,7.0,14.3,6.0,1.0,99.0,18.0
Rubin Colwill,MF,Wales,20,2002,0.1,6.0,1.0,1.0,3.0,2.0,0.0,6.0,0.0,0.0,,0.0,0.0,3.0,0.0
Ró-Ró,DF,Qatar,32,1990,2.9,134.0,9.0,50.0,63.0,21.0,3.0,134.0,2.0,4.0,50.0,4.0,2.0,84.0,4.0
Rónald Matarrita,DF,Costa Rica,28,1994,0.3,30.0,0.0,12.0,15.0,4.0,1.0,30.0,1.0,1.0,100.0,1.0,0.0,22.0,0.0
Rúben Dias,DF,Portugal,25,1997,4.0,293.0,24.0,144.0,147.0,3.0,2.0,293.0,0.0,0.0,,2.0,1.0,216.0,0.0
Rúben Neves,MF,Portugal,25,1997,3.0,275.0,7.0,68.0,173.0,34.0,1.0,275.0,0.0,0.0,,1.0,1.0,220.0,1.0
Saad Al Sheeb,GK,Qatar,32,1990,1.0,22.0,21.0,22.0,0.0,0.0,0.0,22.0,0.0,0.0,,0.0,0.0,8.0,0.0
Sadegh Moharrami,DF,IR Iran,26,1996,1.0,32.0,5.0,12.0,12.0,8.0,1.0,32.0,1.0,1.0,100.0,0.0,2.0,14.0,1.0
Saeid Ezatolahi,MF,IR Iran,26,1996,2.4,115.0,6.0,33.0,66.0,20.0,1.0,115.0,0.0,1.0,0.0,5.0,0.0,62.0,1.0
Saleh Al-Shehri,FW,Saudi Arabia,29,1993,2.5,73.0,2.0,5.0,37.0,32.0,12.0,73.0,0.0,2.0,0.0,8.0,1.0,39.0,9.0
Salem Al-Dawsari,MF,Saudi Arabia,31,1991,3.0,146.0,1.0,20.0,63.0,68.0,13.0,145.0,2.0,10.0,20.0,13.0,6.0,106.0,17.0
Salis Abdul Samed,MF,Ghana,22,2000,2.8,169.0,15.0,64.0,82.0,24.0,0.0,169.0,3.0,4.0,75.0,4.0,2.0,121.0,2.0
Salman Al-Faraj,MF,Saudi Arabia,33,1989,0.5,19.0,0.0,1.0,11.0,7.0,0.0,19.0,0.0,0.0,,1.0,2.0,13.0,1.0
Sam Adekugbe,DF,Canada,27,1995,1.1,77.0,2.0,9.0,48.0,20.0,0.0,77.0,1.0,1.0,100.0,1.0,0.0,59.0,2.0
Saman Ghoddos,MF,IR Iran,29,1993,0.5,24.0,0.0,2.0,7.0,15.0,1.0,24.0,0.0,0.0,,2.0,1.0,19.0,6.0
Sami Al-Najei,MF,Saudi Arabia,25,1997,0.5,25.0,0.0,3.0,5.0,18.0,1.0,25.0,0.0,0.0,,1.0,1.0,15.0,2.0
Samuel Oum Gouet,MF,Cameroon,25,1997,1.1,65.0,4.0,23.0,38.0,5.0,0.0,65.0,0.0,0.0,,1.0,0.0,40.0,0.0
Sardar Azmoun,FW,IR Iran,27,1995,1.4,40.0,1.0,5.0,17.0,18.0,8.0,40.0,0.0,1.0,0.0,0.0,0.0,29.0,3.0
Saud Abdulhamid,DF,Saudi Arabia,23,1999,3.0,150.0,11.0,37.0,61.0,54.0,5.0,150.0,2.0,4.0,50.0,4.0,1.0,74.0,10.0
Saša Lukić,MF,Serbia,26,1996,2.7,182.0,6.0,30.0,132.0,21.0,1.0,182.0,0.0,1.0,0.0,2.0,2.0,130.0,3.0
Sebastian Szymański,MF,Poland,23,1999,1.5,61.0,3.0,18.0,28.0,16.0,3.0,61.0,1.0,3.0,33.3,5.0,2.0,35.0,6.0
Sebastián Coates,DF,Uruguay,32,1990,2.0,107.0,8.0,50.0,53.0,4.0,3.0,107.0,0.0,0.0,,0.0,2.0,66.0,1.0
Selim Amallah,MF,Morocco,26,1996,4.5,145.0,5.0,30.0,87.0,29.0,5.0,145.0,1.0,7.0,14.3,15.0,5.0,80.0,8.0
Serge Gnabry,FW,Germany,27,1995,2.9,148.0,1.0,9.0,42.0,98.0,21.0,148.0,3.0,5.0,60.0,4.0,7.0,111.0,16.0
Sergej Milinković-Savić,MF,Serbia,27,1995,2.6,158.0,8.0,33.0,88.0,41.0,4.0,158.0,3.0,6.0,50.0,7.0,2.0,106.0,7.0
Sergio Busquets,MF,Spain,34,1988,4.0,309.0,6.0,46.0,209.0,54.0,1.0,309.0,1.0,1.0,100.0,2.0,2.0,237.0,13.0
Sergio Rochet,GK,Uruguay,29,1993,3.0,88.0,78.0,87.0,1.0,0.0,0.0,88.0,0.0,0.0,,1.0,0.0,35.0,0.0
Sergiño Dest,DF,United States,22,2000,3.4,250.0,10.0,58.0,115.0,80.0,6.0,250.0,5.0,13.0,38.5,9.0,8.0,178.0,3.0
Shaquell Moore,DF,United States,26,1996,0.2,27.0,4.0,12.0,7.0,8.0,2.0,27.0,0.0,0.0,,0.0,0.0,16.0,1.0
Shogo Taniguchi,DF,Japan,31,1991,2.3,105.0,16.0,49.0,51.0,6.0,3.0,105.0,0.0,0.0,,0.0,0.0,62.0,0.0
Shūichi Gonda,GK,Japan,33,1989,4.3,124.0,106.0,124.0,0.0,0.0,0.0,124.0,0.0,0.0,,0.0,0.0,49.0,0.0
Silvan Widmer,DF,Switzerland,29,1993,2.9,208.0,13.0,67.0,95.0,47.0,6.0,208.0,1.0,2.0,50.0,5.0,6.0,126.0,8.0
Simon Kjær,DF,Denmark,33,1989,0.7,68.0,4.0,28.0,39.0,1.0,0.0,68.0,0.0,0.0,,1.0,0.0,45.0,0.0
Sofiane Boufal,FW,Morocco,29,1993,5.3,199.0,3.0,31.0,95.0,77.0,11.0,199.0,14.0,27.0,51.9,14.0,5.0,144.0,14.0
Sofyan Amrabat,MF,Morocco,26,1996,7.3,383.0,23.0,143.0,225.0,18.0,0.0,383.0,0.0,5.0,0.0,9.0,3.0,240.0,0.0
Son Heung-min,FW,Korea Republic,30,1992,4.0,158.0,2.0,19.0,43.0,98.0,19.0,158.0,3.0,15.0,20.0,8.0,6.0,107.0,25.0
Son Jun-ho,MF,Korea Republic,30,1992,0.8,68.0,2.0,17.0,49.0,2.0,0.0,68.0,0.0,0.0,,0.0,0.0,46.0,2.0
Sorba Thomas,MF,Wales,23,1999,0.0,6.0,0.0,1.0,2.0,3.0,0.0,6.0,0.0,1.0,0.0,0.0,1.0,4.0,0.0
Srđan Babić,DF,Serbia,26,1996,0.1,16.0,1.0,8.0,8.0,1.0,0.0,16.0,0.0,0.0,,0.0,0.0,11.0,0.0
Stefan Mitrović,DF,Serbia,32,1990,0.4,22.0,1.0,8.0,13.0,1.0,0.0,22.0,0.0,0.0,,0.0,0.0,19.0,0.0
Stephen Eustáquio,MF,Canada,25,1996,1.4,109.0,8.0,17.0,69.0,23.0,1.0,109.0,1.0,1.0,100.0,0.0,2.0,76.0,2.0
Steve Mandanda,GK,France,37,1985,1.0,32.0,28.0,32.0,0.0,0.0,0.0,32.0,0.0,0.0,,0.0,0.0,9.0,0.0
Steven Berghuis,MF,Netherlands,30,1991,2.2,141.0,0.0,10.0,84.0,49.0,2.0,141.0,1.0,4.0,25.0,1.0,1.0,109.0,11.0
Steven Bergwijn,FW,Netherlands,25,1997,2.4,85.0,0.0,5.0,45.0,36.0,4.0,85.0,1.0,4.0,25.0,4.0,2.0,74.0,22.0
Steven Vitória,DF,Canada,35,1987,3.0,203.0,14.0,85.0,117.0,1.0,0.0,203.0,0.0,1.0,0.0,1.0,1.0,142.0,0.0
Strahinja Pavlović,DF,Serbia,21,2001,2.6,186.0,14.0,71.0,101.0,17.0,3.0,186.0,2.0,3.0,66.7,4.0,3.0,120.0,3.0
Sultan Al-Ghanam,DF,Saudi Arabia,28,1994,1.4,68.0,5.0,19.0,25.0,26.0,3.0,68.0,0.0,2.0,0.0,4.0,1.0,36.0,2.0
Taha Yassine Khenissi,FW,Tunisia,30,1992,0.3,8.0,1.0,1.0,3.0,4.0,2.0,8.0,0.0,0.0,,1.0,2.0,3.0,0.0
Tajon Buchanan,MF,Canada,23,1999,2.9,131.0,3.0,20.0,42.0,72.0,8.0,131.0,7.0,25.0,28.0,8.0,7.0,95.0,17.0
Takefusa Kubo,FW,Japan,21,2001,1.0,23.0,1.0,4.0,10.0,10.0,4.0,23.0,0.0,0.0,,5.0,1.0,13.0,0.0
Takehiro Tomiyasu,DF,Japan,24,1998,2.1,118.0,11.0,60.0,43.0,15.0,2.0,118.0,0.0,0.0,,2.0,0.0,68.0,1.0
Takuma Asano,FW,Japan,28,1994,1.8,49.0,2.0,6.0,16.0,28.0,9.0,49.0,0.0,1.0,0.0,7.0,1.0,27.0,11.0
Takumi Minamino,FW,Japan,27,1995,0.7,32.0,1.0,7.0,12.0,13.0,4.0,32.0,0.0,0.0,,2.0,2.0,20.0,5.0
Tarek Salman,DF,Qatar,25,1997,0.1,14.0,1.0,7.0,6.0,1.0,0.0,14.0,0.0,0.0,,0.0,0.0,9.0,0.0
Tariq Lamptey,DF,Ghana,22,2000,1.1,50.0,7.0,23.0,18.0,10.0,1.0,50.0,0.0,3.0,0.0,1.0,1.0,17.0,3.0
Teun Koopmeiners,MF,Netherlands,24,1998,2.4,149.0,7.0,32.0,95.0,22.0,0.0,149.0,1.0,2.0,50.0,2.0,4.0,99.0,7.0
Theo Hernández,DF,France,25,1997,5.6,383.0,13.0,87.0,198.0,100.0,8.0,383.0,2.0,5.0,40.0,6.0,5.0,248.0,13.0
Thiago Almada,MF,Argentina,21,2001,0.1,15.0,0.0,0.0,8.0,7.0,0.0,15.0,0.0,0.0,,2.0,0.0,15.0,2.0
Thiago Silva,DF,Brazil,38,1984,4.3,368.0,22.0,139.0,219.0,10.0,3.0,368.0,0.0,1.0,0.0,2.0,0.0,289.0,0.0
Thibaut Courtois,GK,Belgium,30,1992,3.0,129.0,121.0,128.0,1.0,0.0,0.0,129.0,1.0,1.0,100.0,0.0,0.0,66.0,0.0
Thilo Kehrer,DF,Germany,26,1996,0.8,43.0,3.0,21.0,15.0,7.0,0.0,43.0,0.0,0.0,,1.0,0.0,20.0,1.0
Thomas Delaney,MF,Denmark,31,1991,0.5,31.0,2.0,6.0,19.0,6.0,1.0,31.0,0.0,0.0,,0.0,0.0,23.0,0.0
Thomas Meunier,DF,Belgium,31,1991,2.3,167.0,6.0,56.0,69.0,42.0,2.0,167.0,1.0,3.0,33.3,2.0,1.0,114.0,13.0
Thomas Müller,FW,Germany,33,1989,2.2,91.0,0.0,6.0,35.0,52.0,13.0,91.0,0.0,0.0,,4.0,2.0,71.0,11.0
Thomas Partey,MF,Ghana,29,1993,3.0,220.0,17.0,66.0,129.0,28.0,3.0,220.0,3.0,3.0,100.0,5.0,4.0,148.0,5.0
Thorgan Hazard,FW,Belgium,29,1993,1.2,66.0,0.0,11.0,26.0,30.0,2.0,66.0,0.0,2.0,0.0,4.0,0.0,39.0,9.0
Tim Ream,DF,United States,35,1987,4.0,305.0,25.0,117.0,180.0,9.0,3.0,305.0,2.0,2.0,100.0,4.0,0.0,203.0,0.0
Timothy Castagne,DF,Belgium,27,1995,3.0,229.0,11.0,80.0,119.0,30.0,2.0,229.0,0.0,2.0,0.0,3.0,0.0,164.0,6.0
Timothy Weah,FW,United States,22,2000,3.5,132.0,0.0,8.0,54.0,72.0,11.0,132.0,2.0,2.0,100.0,9.0,5.0,99.0,18.0
Toby Alderweireld,DF,Belgium,33,1989,3.0,303.0,40.0,172.0,127.0,8.0,1.0,303.0,0.0,0.0,,2.0,0.0,243.0,0.0
Trent Alexander-Arnold,DF,England,24,1998,0.4,24.0,0.0,10.0,12.0,2.0,0.0,24.0,0.0,0.0,,0.0,0.0,15.0,0.0
Tyler Adams,MF,United States,23,1999,4.0,307.0,8.0,67.0,205.0,36.0,0.0,307.0,1.0,1.0,100.0,4.0,3.0,192.0,2.0
Unai Simón,GK,Spain,25,1997,4.3,167.0,133.0,163.0,4.0,0.0,0.0,167.0,0.0,0.0,,0.0,0.0,112.0,0.0
Uriel Antuna,FW,Mexico,25,1997,0.9,33.0,0.0,2.0,14.0,18.0,1.0,33.0,0.0,1.0,0.0,6.0,0.0,24.0,6.0
Vanja Milinković-Savić,GK,Serbia,25,1997,3.0,136.0,105.0,131.0,5.0,0.0,0.0,136.0,0.0,0.0,,0.0,0.0,64.0,0.0
Victor Nelsson,DF,Denmark,24,1998,1.0,79.0,4.0,17.0,59.0,3.0,0.0,79.0,0.0,0.0,,0.0,0.0,58.0,0.0
Vincent Aboubakar,FW,Cameroon,30,1992,1.6,50.0,6.0,8.0,19.0,23.0,8.0,50.0,5.0,7.0,71.4,3.0,0.0,32.0,7.0
Vincent Janssen,FW,Netherlands,28,1994,1.0,32.0,1.0,1.0,12.0,19.0,4.0,32.0,1.0,1.0,100.0,4.0,1.0,22.0,5.0
Vinicius Júnior,FW,Brazil,22,2000,3.3,132.0,2.0,10.0,41.0,83.0,19.0,132.0,5.0,15.0,33.3,8.0,11.0,105.0,22.0
Virgil van Dijk,DF,Netherlands,31,1991,5.3,399.0,61.0,211.0,181.0,8.0,4.0,399.0,0.0,0.0,,2.0,0.0,275.0,0.0
Vitinha,MF,Portugal,22,2000,1.3,118.0,1.0,7.0,79.0,32.0,0.0,118.0,1.0,2.0,50.0,2.0,1.0,102.0,5.0
Wahbi Khazri,FW,Tunisia,31,1991,0.9,36.0,0.0,5.0,12.0,19.0,5.0,36.0,0.0,3.0,0.0,3.0,2.0,20.0,7.0
Wajdi Kechrida,DF,Tunisia,27,1995,1.2,77.0,4.0,28.0,25.0,25.0,1.0,77.0,0.0,3.0,0.0,1.0,3.0,42.0,7.0
Walid Cheddira,FW,Morocco,24,1998,0.7,18.0,2.0,2.0,10.0,6.0,4.0,18.0,0.0,1.0,0.0,3.0,0.0,13.0,4.0
Walker Zimmerman,DF,United States,29,1993,3.1,274.0,26.0,137.0,132.0,5.0,1.0,274.0,0.0,0.0,,0.0,0.0,191.0,0.0
Wataru Endo,MF,Japan,29,1993,3.4,239.0,14.0,60.0,139.0,41.0,2.0,239.0,1.0,5.0,20.0,2.0,5.0,147.0,3.0
Wayne Hennessey,GK,Wales,35,1987,1.9,68.0,61.0,67.0,1.0,0.0,0.0,68.0,0.0,0.0,,0.0,0.0,27.0,0.0
Weston McKennie,MF,United States,24,1998,3.0,177.0,7.0,19.0,98.0,61.0,8.0,177.0,1.0,2.0,50.0,2.0,3.0,131.0,15.0
William Carvalho,MF,Portugal,30,1992,2.4,182.0,5.0,52.0,109.0,22.0,1.0,182.0,0.0,0.0,,2.0,0.0,146.0,0.0
William Saliba,DF,France,21,2001,0.3,38.0,2.0,14.0,19.0,5.0,0.0,38.0,1.0,1.0,100.0,1.0,0.0,31.0,0.0
Wojciech Szczęsny,GK,Poland,32,1990,4.0,159.0,136.0,158.0,1.0,0.0,0.0,159.0,0.0,0.0,,0.0,0.0,56.0,0.0
Wout Weghorst,FW,Netherlands,30,1992,0.7,22.0,0.0,2.0,11.0,9.0,4.0,22.0,0.0,0.0,,1.0,0.0,14.0,1.0
Wéverton,GK,Brazil,35,1987,0.1,5.0,5.0,5.0,0.0,0.0,0.0,5.0,0.0,0.0,,0.0,0.0,2.0,0.0
Xavi Simons,FW,Netherlands,19,2003,0.1,11.0,0.0,3.0,6.0,2.0,0.0,11.0,0.0,0.0,,0.0,0.0,9.0,0.0
Xherdan Shaqiri,FW,Switzerland,31,1991,2.5,111.0,0.0,8.0,43.0,60.0,5.0,111.0,0.0,3.0,0.0,1.0,5.0,94.0,15.0
Yahya Attiat Allah,DF,Morocco,27,1995,3.5,167.0,16.0,75.0,66.0,27.0,5.0,167.0,0.0,2.0,0.0,2.0,2.0,85.0,8.0
Yahya Jabrane,MF,Morocco,31,1991,0.2,,,,,,,,,,,,,,
Yann Sommer,GK,Switzerland,34,1988,3.0,126.0,99.0,126.0,0.0,0.0,0.0,126.0,0.0,0.0,,0.0,0.0,76.0,0.0
Yannick Carrasco,FW,Belgium,29,1993,1.3,68.0,3.0,16.0,27.0,25.0,6.0,68.0,1.0,3.0,33.3,2.0,2.0,45.0,6.0
Yasser Al-Shahrani,DF,Saudi Arabia,30,1992,1.0,43.0,3.0,13.0,24.0,6.0,0.0,43.0,0.0,0.0,,2.0,0.0,15.0,0.0
Yassine Bounou,GK,Morocco,31,1991,6.3,219.0,185.0,217.0,2.0,0.0,0.0,219.0,0.0,0.0,,0.0,0.0,100.0,0.0
Yassine Meriah,DF,Tunisia,29,1993,3.0,208.0,29.0,104.0,98.0,7.0,1.0,208.0,2.0,4.0,50.0,2.0,0.0,138.0,1.0
Yeltsin Tejeda,MF,Costa Rica,30,1992,3.0,128.0,9.0,50.0,68.0,11.0,1.0,128.0,0.0,2.0,0.0,1.0,2.0,74.0,0.0
Youri Tielemans,MF,Belgium,25,1997,1.1,77.0,4.0,20.0,48.0,10.0,0.0,77.0,0.0,0.0,,2.0,0.0,48.0,2.0
Youssef En-Nesyri,FW,Morocco,25,1997,6.0,127.0,13.0,37.0,61.0,29.0,13.0,127.0,5.0,8.0,62.5,9.0,1.0,70.0,13.0
Youssef Msakni,MF,Tunisia,32,1990,1.9,95.0,1.0,16.0,40.0,40.0,14.0,95.0,4.0,7.0,57.1,5.0,5.0,62.0,13.0
Youssouf Fofana,MF,France,23,1999,2.5,138.0,5.0,29.0,87.0,28.0,2.0,138.0,2.0,2.0,100.0,3.0,3.0,94.0,4.0
Youssouf Sabaly,DF,Senegal,29,1993,4.0,253.0,5.0,65.0,112.0,79.0,4.0,253.0,4.0,9.0,44.4,5.0,1.0,167.0,8.0
Youssoufa Moukoko,FW,Germany,18,2004,0.0,2.0,0.0,1.0,0.0,1.0,0.0,2.0,0.0,0.0,,0.0,0.0,1.0,0.0
Youstin Salas,DF,Costa Rica,26,1996,0.5,27.0,4.0,16.0,7.0,5.0,0.0,27.0,1.0,2.0,50.0,1.0,1.0,6.0,0.0
Yuki Soma,FW,Japan,25,1997,0.9,26.0,0.0,2.0,6.0,18.0,1.0,26.0,1.0,2.0,50.0,2.0,0.0,15.0,3.0
Yunus Musah,MF,United States,20,2002,3.8,221.0,3.0,23.0,126.0,77.0,4.0,221.0,4.0,11.0,36.4,5.0,3.0,157.0,13.0
Yuto Nagatomo,MF,Japan,36,1986,2.3,123.0,6.0,27.0,59.0,37.0,0.0,123.0,3.0,4.0,75.0,1.0,1.0,67.0,2.0
Zakaria Aboukhlal,FW,Morocco,22,2000,0.9,26.0,2.0,3.0,10.0,13.0,4.0,26.0,0.0,1.0,0.0,3.0,0.0,16.0,0.0
Álvaro Morata,FW,Spain,30,1992,2.1,58.0,3.0,5.0,29.0,25.0,13.0,58.0,1.0,3.0,33.3,2.0,5.0,49.0,13.0
Álvaro Zamora,MF,Costa Rica,20,2002,0.3,9.0,0.0,1.0,7.0,2.0,0.0,9.0,0.0,0.0,,1.0,1.0,7.0,1.0
Ángel Correa,MF,Argentina,27,1995,0.1,6.0,1.0,3.0,1.0,2.0,0.0,6.0,0.0,0.0,,1.0,0.0,3.0,0.0
Ángel Di María,MF,Argentina,34,1988,3.2,201.0,1.0,13.0,59.0,132.0,17.0,201.0,13.0,25.0,52.0,10.0,6.0,163.0,24.0
Ángelo Preciado,DF,Ecuador,24,1998,2.9,162.0,3.0,38.0,78.0,46.0,3.0,162.0,0.0,4.0,0.0,6.0,2.0,81.0,1.0
Éder Militão,DF,Brazil,24,1998,3.9,306.0,12.0,103.0,151.0,55.0,6.0,306.0,0.0,0.0,,6.0,1.0,217.0,5.0
Óscar Duarte,DF,Costa Rica,33,1989,3.0,132.0,29.0,93.0,35.0,4.0,1.0,132.0,0.0,0.0,,1.0,0.0,70.0,0.0
İlkay Gündoğan,MF,Germany,32,1990,2.1,187.0,2.0,17.0,117.0,55.0,6.0,186.0,2.0,2.0,100.0,4.0,1.0,142.0,6.0
